filename,replicate,processing_time_sec,base_name,foldname,entity_1_type,entity_1_id,entity_1_sequence,entity_1_smiles,entity_1_ccd,entity_1_msa,entity_1_cyclic,entity_1_modifications,entity_2_type,entity_2_id,entity_2_sequence,entity_2_smiles,entity_2_ccd,entity_2_msa,entity_2_cyclic,entity_2_modifications,entity_3_type,entity_3_id,entity_3_sequence,entity_3_smiles,entity_3_ccd,entity_3_msa,entity_3_cyclic,entity_3_modifications,entity_4_type,entity_4_id,entity_4_sequence,entity_4_smiles,entity_4_ccd,entity_4_msa,entity_4_cyclic,entity_4_modifications,bonds,pockets,contacts,affinity_binder,yaml_file,confidence_score_model_0,ptm_model_0,iptm_model_0,ligand_iptm_model_0,protein_iptm_model_0,complex_plddt_model_0,complex_iplddt_model_0,complex_pde_model_0,complex_ipde_model_0,chains_ptm_0_model_0,pair_chains_iptm_0_0_model_0
seo_1493_rep1.yaml,1,237.86,seo_1493,seo_1493,protein,A,MRGPNPTAASVAASRGTFATTQVNVPAGNGFGGGVIYYPTDTSQGRFGAVAIVPGYTATWAAEGAWMGPWLASFGFVVIGIDTNSRNDWDTARGQQLLAALDYLTQRSSVRDRVDASRAAVMGHSMGGGGAMYAALQRPSLKAAVGLAPFSPSQSLNNMRVPTMLLAGQNDGTTTPASILNHYNAIPAASEKAYLELAGADHGFPTSNNPTMMRNVIPWLKIFTDSDTRYTQFLCPLSNWSGIRAYQSSCPLLEHHHHHH,,,,,,,,,,,,,,,,,,,,,,,,,,,,,,,,,,seo_1493.yaml,0.9454070329666138,0.9614819884300232,0.0,0.0,0.0,0.9413883090019226,0.9413883090019226,0.34023192524909973,0.0,0.9614819884300232,0.9614819884300232
seo_1450_rep1.yaml,1,149.61,seo_1450,seo_1450,protein,A,MRGPNPTAASLEASAGPFTVRSFTVSRPSGYGAGTVYYPTNAGGTVGAIAIVPGYTARQSSIKWWGPRLASHGFVVITIDTNSTLDQPSSRSSQQMAALRQVASLNGTSSSPIYGKVDTARMGVMGWSMGGGGSLISAANNPSLKAAAPQAPWDSSTNFSSVTVPTLIFACENDSIAPVNSSALPIYDSMSRNAKQFLEINGGSHSCANSGNSNQALIGKKGVAWMKRFMDNDTRYSTFACENPNSTRVSDFRTANCSLEHHHHHH,,,,,,,,,,,,,,,,,,,,,,,,,,,,,,,,,,seo_1450.yaml,0.9561732411384583,0.9604813456535339,0.0,0.0,0.0,0.9550961852073669,0.9550961852073669,0.319864958524704,0.0,0.9604813456535339,0.9604813456535339
seo_169_rep1.yaml,1,188.55,seo_169,seo_169,protein,A,MAHAAVHGPDPTDALLEASRGPYATAQIDVSSLSVSGFGGGTIYYPTTTSEGTFGGVAIAPGYTADKSSLAWLAARLASHGFVVFNIDTLTRLDQPDSRGRQLLAALDYLTQRSSVRGRVDATRLGVMGHSMGGGGTLEAVADRPSLRAAVPLTPWNLDKTWSGVQTPTLIIGADNDTVAPVASHAEPFYTSLPSSLDKAYLELNNATHFAPNTTNTTIGKYAVAWMKRFVDDDTRYGRFLCPGPSSGLLVEEYRSTCPFLEHHHHHH,,,,,,,,,,,,,,,,,,,,,,,,,,,,,,,,,,seo_169.yaml,0.9509794116020203,0.9585366249084473,0.0,0.0,0.0,0.9490901827812195,0.9490901827812195,0.35706254839897156,0.0,0.9585366249084473,0.9585366249084473
seo_2053_rep1.yaml,1,139.44,seo_2053,seo_2053,protein,A,MQCEEVNLESISNSGPYAVGSLIEGVDPIRNGPDYDGATIYYPINGTPPYSGIAIIPGYCGVESDIQDWGPFYASHGIVAITLGTNDPCADWPSARSTALLDAIVTVKEENSRQDSPLKDKIDVNSFAVSGWSMGGGGSQLAASIDPSLKAVIGLCPWLDLNGFEPSDLIHDVPVLIFTGENDDIANSAEYGYMHYQGTPSTTDKLYFEIANGGHGAANSPELEGGEVGVYALSWLKTYLDNDPCYCEFLVNTPSNSSDYLEHHHHHH,,,,,,,,,,,,,,,,,,,,,,,,,,,,,,,,,,seo_2053.yaml,0.9472725987434387,0.961525559425354,0.0,0.0,0.0,0.9437093138694763,0.9437093138694763,0.3476102650165558,0.0,0.961525559425354,0.961525559425354
seo_414_rep1.yaml,1,144.59,seo_414,seo_414,protein,A,MADNPYERGPDPTESSIEASRGPFAVSQTTVSSLVVSGFGGGTIYYPTDTSQGTFGAVAISPGYTADQTSIAWIGPRLASQGFVVFTIDTITRYDQPASRGDQLLAALDYLTQRSSVASRIDSSRLGVAGHSMGGGGTLEAADERPSLQAAVPLAPWNLRKNFSSVQVPTFIIGGESDTVAPVATHSEPFYTSLPSSLDKAYMELNNASHFFPNTSNTTMAKYMISWFKRFIDNDTRYDQFLCPNPSGLAIEEYRSTCPYLEHHHHHH,,,,,,,,,,,,,,,,,,,,,,,,,,,,,,,,,,seo_414.yaml,0.958040714263916,0.9632751941680908,0.0,0.0,0.0,0.9567320942878723,0.9567320942878723,0.335123747587204,0.0,0.9632751941680908,0.9632751941680908
seo_1919_rep1.yaml,1,145.54,seo_1919,seo_1919,protein,A,MAGPVTAHADDAGKVDEITVPRNDVSGFGGGTVFAPEVTAGTKLGAVIVTPGYSDTQADMRWYGTDLAAAGFVVFTIDTLHTQDRPQARADEMLAASDYLTGSSAVADEVDPDRVAVLGYSFGGGGALAAAEARHSLRAAIALMPFDVRVSYRADTTPSLIITGQSDHVAFPFLMGKRMYRSLPASTPRQYLELRGVGHAGGERTPNDTIRDAVITFLDRYLDDDDSATARICPAPAATGPISASMSYCGLEHHHHHH,,,,,,,,,,,,,,,,,,,,,,,,,,,,,,,,,,seo_1919.yaml,0.9139459729194641,0.9265130758285522,0.0,0.0,0.0,0.9108042120933533,0.9108042120933533,0.4963798224925995,0.0,0.9265130758285522,0.9265130758285522
seo_1463_rep1.yaml,1,162.52,seo_1463,seo_1463,protein,A,MGGGVAAVATPALADEIGQAPTASNITGNGSFATTSESISSLVSGFGGGRVYYPTATGRYPVIAISPGFTATWSSLAWIGPRLSSWGFVVVGIETNSIYDQPGSRGNQLLAALNWAVNSSSTAVRSRVDGSRRGVAGHSMGGGGTLEALAADTSGLVKAGVPLAPWNTDKIWSNVSEPVLIVGGQADTIAPVATHSVPFYNTLAGPKTYVELTGASHFFPQTTNATTSRALVSWFKRWLNQDSRFTPYTCGFGGLAVSDFRSNACLEHHHHHH,,,,,,,,,,,,,,,,,,,,,,,,,,,,,,,,,,seo_1463.yaml,0.9192096590995789,0.9240933060646057,0.0,0.0,0.0,0.9179887175559998,0.9179887175559998,0.4211224615573883,0.0,0.9240933060646057,0.9240933060646057
seo_1253_rep1.yaml,1,170.58,seo_1253,seo_1253,protein,A,MGDSPYARGPDPTVSFLEASSGPYSTRTSRVSGLVSGFGGGTIHYPTGVEGTMAAIVVIPGFVSAESSIDWWGPKLASHGFVVMTIDTNTGFDQPPSRARQINNALDYLISQNSSRTSPVRGMIDTDRLGVIGWSMGGGGTLRVASEGRIKAAIPLAPWDTVSTYAGRSQAPTLIFACQADIIAPVAAHASPFYNRLPNGIEKAFVEINNGTHYCANGGGLNNDVLSRFGVSWMKRFLDEDTRYSQFLCGPNHTSDRKISEYRGNCPYLEHHHHHH,,,,,,,,,,,,,,,,,,,,,,,,,,,,,,,,,,seo_1253.yaml,0.9510001540184021,0.962438702583313,0.0,0.0,0.0,0.9481404423713684,0.9481404423713684,0.33986562490463257,0.0,0.962438702583313,0.962438702583313
seo_1395_rep1.yaml,1,171.84,seo_1395,seo_1395,protein,A,MTGAPASTVAVAPDDPEKPGPFQVEKVAAPAGPGFAGGNLWIPRGGTGLFGGVAVSPGFTELEPAISWYGPHLASHGFVVVTMNTLSPFDQPDQRGDQLLAALDYVTKSSPAKDKVDAGRLAVMGHSMGGGGSLAAAVKQPALKAAVPLAPWHLNKAWGTVRTPTLIIGAEADAIAPVGQHAEPFYDSLPTTLPKAYQELRGADHMVTNSPNPWIARQATSWLKRFVDGNGEYSVFLCPPPQPDDKISEYRSTCPYLEHHHHHH,,,,,,,,,,,,,,,,,,,,,,,,,,,,,,,,,,seo_1395.yaml,0.9184721112251282,0.929695188999176,0.0,0.0,0.0,0.9156662821769714,0.9156662821769714,0.47264304757118225,0.0,0.929695188999176,0.929695188999176
seo_1228_rep1.yaml,1,142.39,seo_1228,seo_1228,protein,A,MATTSYQRGPNPTEQSVRAANGPFAYSQFAIPDAEATGFGEGTIYYPNNTSVGTFGGVVIAPGFNADQNSTVWLGKRLASHGFVAVTITTHELNDQPYERGKQILAALDYLTGQSPAFVRSRLDPARLAAVGHSMGGGGTLFAAAQRPSLKAIVPLAPWALAKNWSNVQVPTMILSGAQDASAPPAEHAEKFYASLTSAPEKAYAKLDVNHVRFAWEHPLIGKLVVSWLKRFVDEDTRYTQFLCPTATGAVLLEYRATCPLGLEHHHHHH,,,,,,,,,,,,,,,,,,,,,,,,,,,,,,,,,,seo_1228.yaml,0.9274272918701172,0.9440262317657471,0.0,0.0,0.0,0.9232775568962097,0.9232775568962097,0.40691429376602173,0.0,0.9440262317657471,0.9440262317657471
seo_1571_rep1.yaml,1,194.16,seo_1571,seo_1571,protein,A,MADNPYQRGPDPTRTSVATENGPFANTSVSVPTGYGFNGGRIYYPTDTSQGTFGAIAISPGYTALFSAELAWMGPWLASHGFVVIGIETNSRNDFDTARGTQLLAALDYLTQQSPVRDRVDPNRLAVAGHSMGGGGALSAATRRSSLKAVVGIAPYSPSSNLANDRVPTMIFSGQADTVVTPSYATGLYNSLPATTESVYLEVAGADHGFMVGRSNPVMIRTMLPFVKMFIDNDARYSQFLCPLLDSNGVVTYRSTCPLLPSTPTTPTDPPTDPPTDLEHHHHHH,,,,,,,,,,,,,,,,,,,,,,,,,,,,,,,,,,seo_1571.yaml,0.9187939763069153,0.9086583256721497,0.0,0.0,0.0,0.9213278293609619,0.9213278293609619,0.4723915755748749,0.0,0.9086583256721497,0.9086583256721497
seo_388_rep1.yaml,1,193.46,seo_388,seo_388,protein,A,MAADNPYQRGPNPTASSIEASTGSFAIASTTVSRVAVSGFGGGTIYYPTSTAEGTFGAVAISPGFTALQSSIQWLGPRLASQGFVVFTIDTLTTYDQPDSRGRQLLAALDYLTTSSSVRSRIDSGRLGVIGHSMGGGGTLEAARSRPTLQAAVPLTGWNLTTNWSSLRVPTLVVGAQSDTIAPVAQHSIPFYNSLPTSLDRAYLELRGASHFAPNTANTTIAKYTLSWLKRFIDDDTRYEQFLCPLPSTNLSISAFRGNCPHLGLEHHHHHH,,,,,,,,,,,,,,,,,,,,,,,,,,,,,,,,,,seo_388.yaml,0.9505905508995056,0.9611783027648926,0.0,0.0,0.0,0.9479436278343201,0.9479436278343201,0.3406240940093994,0.0,0.9611783027648926,0.9611783027648926
seo_1628_rep1.yaml,1,156.32,seo_1628,seo_1628,protein,A,MADNPYQRGPDPTRTSVAAVNGPFANTSVSVPTGYGFNGGRIYYPTDTSQGTFGAIAISPGYTALFSAELAWMGPWLASHGFVVIGIETNSRNDFDTARGTQLLAALDYLTQQSPVRDRVDPNRLAVAGHSMGGGGALSAAIRRPGLKAVVGIAPYSPSSNLANDRVPTMIFAGQADTVVTPSYATGLYNSLPATTESVYLEVAGADHGFMVGRSNPVMIRTMLPFVKMFIDNDARYSQFLCPLLDSSGVVTYRSTCPLLEHHHHHH,,,,,,,,,,,,,,,,,,,,,,,,,,,,,,,,,,seo_1628.yaml,0.9538397192955017,0.9601641297340393,0.0,0.0,0.0,0.9522585272789001,0.9522585272789001,0.3490827679634094,0.0,0.9601641297340393,0.9601641297340393
seo_31_rep1.yaml,1,162.73,seo_31,seo_31,protein,A,MANPYERGPDPTDSSVEALRGPYSVDDTSVSSLVSGFGGGTVYYPTGTNETFGAVVIAPGYTASSSSMSWMGERLASQGFVIFTIDTNTRYDQPDSRGDQISAALDYLVEDSTSAVRNRIDPDRLAAMGHSMGGGGTLAVAADRPELKAAIPLTPWHLDKTWSEVDVPTMIIGAENDTVASVSSHSIPFYNSLSGAPDKVYLELDGASHFAPNLSNTTIAKYSISWLKRFVDEDTRYSQFLCPGPSTGLGSDVSDYRNTCPVLEHHHHHH,,,,,,,,,,,,,,,,,,,,,,,,,,,,,,,,,,seo_31.yaml,0.9555167555809021,0.9583385586738586,0.0,0.0,0.0,0.9548112750053406,0.9548112750053406,0.3416239321231842,0.0,0.9583385586738586,0.9583385586738586
seo_1718_rep1.yaml,1,157.46,seo_1718,seo_1718,protein,A,MAENPHQPGQVQVAENLYQRGPDPTKQSVTTAGTFATATMNVSEFRKGVIYYPTDTSHGTFGAIAFIPGYNGSWAALEWTGPWLASFGFVVIGFEAANPGDGDAARGTQLLAALDYLTQRSPVRGRIDPNRTAVIGHSMGGGGAMSAASKRPSLKTAIGLAPAIFSTNMKTLKVPAMVMVGQKDTTVSPSYAKNFYNQIPTKKAYVELTGATHGFPSWKPNSVMMRKVVPWFKVFLDNDARYTQFLCPQLDSTGVSAYQSTCPLLPGGSASTSTDHEAVNPAAVHTGAINSHYPGLEHHHHHH,,,,,,,,,,,,,,,,,,,,,,,,,,,,,,,,,,seo_1718.yaml,0.8408101201057434,0.8511785864830017,0.0,0.0,0.0,0.8382180333137512,0.8382180333137512,0.9341074824333191,0.0,0.8511785864830017,0.8511785864830017
seo_1066_rep1.yaml,1,160.21,seo_1066,seo_1066,protein,A,MAEPADVHGPDPTEESVTAPRGPFEVDEESVSRLSVTGFGGGTIYYPTDTADGLFSAVSISPGYTGTQDSIAWLGPRLASQGFVVFTIDTNSTSDQPDSRAQQLQASLDYLTNDSSVKDLIDPARLGVMGHSMGGGGSLKAALDNPALKAVVPLTPWHTTKDFSGVGAPTLVIGAQNDTIAPVSQHSKPFYESLPDDPGKAYLELAGASHFAPNSDNTTIAKFGISWLKRFLDDDTRYDQFLCPPPEGDPAISDYQSTCPYLEHHHHHH,,,,,,,,,,,,,,,,,,,,,,,,,,,,,,,,,,seo_1066.yaml,0.9317283034324646,0.9507091641426086,0.0,0.0,0.0,0.9269829988479614,0.9269829988479614,0.38640210032463074,0.0,0.9507091641426086,0.9507091641426086
seo_29_rep1.yaml,1,152.36,seo_29,seo_29,protein,A,MANPYERGPDPTQASLEASRGPFPVSEERVSSPVSGFGGGTIYYPQENNTYGAVAISPGYTATQSSVAWLGERIASHGFVVITIDTNTTLDQPDSRADQLEAALDHMVDGASSTVRSRIDRNRLAVMGHSMGGGGTLRLASRRPDLKAAIPLTPWHLNKSWSNVQVPTLIIGAENDTVAPVALHAEPSYTSIPTSTRKAYLELNGASHFAPSVANATIGMYGVAWLKRFVDEDTRYTRFLCPGPRTGLFSDVEEYRSTCPFLEHHHHHH,,,,,,,,,,,,,,,,,,,,,,,,,,,,,,,,,,seo_29.yaml,0.9571647047996521,0.9610703587532043,0.0,0.0,0.0,0.9561882019042969,0.9561882019042969,0.32722848653793335,0.0,0.9610703587532043,0.9610703587532043
seo_1132_rep1.yaml,1,173.42,seo_1132,seo_1132,protein,A,MDENPYQRGPEPTADALAADAGPFAVTRAAVPAGHGFGGGTVYYPSDDSQGTFAGIAVAPGYVESQSAVAWLGPRLASHGFVVITIDTNTRFDQPESRGTQLLAALDYLTGSSAAKARVDPARLAVMGHSMGGGGALSAAAKRPGLRAAVPLAPWSTSKDWSRVRVPTLVVGAERDAIASVGAHAEPFYQSLGGEKAYLEMNEADHFVVNSATPTVGTFTVSWLKRFVDDDTRYEKFLCPAPSPSQLISEYRDTCPHSLEHHHHHH,,,,,,,,,,,,,,,,,,,,,,,,,,,,,,,,,,seo_1132.yaml,0.9457935690879822,0.9551239013671875,0.0,0.0,0.0,0.9434608817100525,0.9434608817100525,0.3609521985054016,0.0,0.9551239013671875,0.9551239013671875
seo_1607_rep1.yaml,1,223.61,seo_1607,seo_1607,protein,A,MTDEGERVGGEQDVRAEPGAIDGPLDVATESVDRDDVGFGGGTVYYPDTDDGATYPVIAAAPGRGADEAMVSWYGDLLAANGFVVLTMNSDDSQNSPDERGHQLVEALDHLVDDSAVASRIDAERMGVLGHSMGGGGALVAAAERPDIKAAVALTPHEAAPRDWSELSAPTLIIGGDLDPVTPNEEHAEPMYEELTGAEQKAFMNLNGDHFVATPPSTAASEQVLAWFKRFVDDDADYADELCPAPETSDHVLEYRDTCPHDLEHHHHHH,,,,,,,,,,,,,,,,,,,,,,,,,,,,,,,,,,seo_1607.yaml,0.8926418423652649,0.9028530120849609,0.0,0.0,0.0,0.8900890350341797,0.8900890350341797,0.6244322657585144,0.0,0.9028530120849609,0.9028530120849609
seo_1496_rep1.yaml,1,221.13,seo_1496,seo_1496,protein,A,MQANPYQRGPDPTVSSVAAQRGTFATAELTVAPGNGFNGGKIYYPTDTSQGTWAAIAAVPGYTARWDNEGAWMGPWLASFGFVVIGIDTNSTLDWDTARGTQLLAALDYLTQRSPVRDRVDPNRLGVLGHSMGGGGAISAAERRPALKAAVPLAPFSPSQNLSTLRVPTMIVSARDDSVVTPLSVDNLYATMPAATPGAALELTTGGHGFPTWGNSAVTRRTIPWLKIFLDNDTRYTQFLCPSLADLSGISRSRTKCPYGTALAAPETQLAVRLEHHHHHH,,,,,,,,,,,,,,,,,,,,,,,,,,,,,,,,,,seo_1496.yaml,0.9159308671951294,0.9176542162895203,0.0,0.0,0.0,0.9154999852180481,0.9154999852180481,0.444336861371994,0.0,0.9176542162895203,0.9176542162895203
seo_1611_rep1.yaml,1,193.5,seo_1611,seo_1611,protein,A,MADNPYQRGPDPTRTSVTAVNGPFANTSVSVPTGYGFNGGRIYYPTDTSQGTFGAIAISPGYTALFSAELAWMGPWLASHGFVVIGIETNSRNDFDTARGTQLLAALDYLTQQSPVRDRVDPNRLAVAGHSMGGGGALSAAIRRSSLKAVVGIAPYSPSSNLANDRVPTMIFAGQADTVVTPSYATGLYNSLPTTTESVYLEVAGADHGFMVGRSNPVMVRTMLPFVKMFIDNDARYSQFLCPLLDSSGVVTYRSTCPLLEHHHHHH,,,,,,,,,,,,,,,,,,,,,,,,,,,,,,,,,,seo_1611.yaml,0.9501466155052185,0.9592170715332031,0.0,0.0,0.0,0.9478789567947388,0.9478789567947388,0.3546394407749176,0.0,0.9592170715332031,0.9592170715332031
seo_1040_rep1.yaml,1,170.77,seo_1040,seo_1040,protein,A,MQSNPYQRGPNPTRSALTADGPFSVATYTVSRLSVSGFGGGVIYYPTGTSLTFGGIAMSPGYTADASSLAWLGRRLASHGFVVLVINTNSRFDYPDSRASQLSAALNYLRTSSPSAVRARLDANRLAVAGHSMGGGGTLRIAEQNPSLKAAVPLTPWHTDKTFNTSVPVLIVGAEADTVAPVSQHAIPFYQNLPSTTPKVYVELDNASHFAPNSNNAAISVYTISWMKLWVDNDTRYRQFLCNVNDPALSDFRTNNRHCQLEHHHHHH,,,,,,,,,,,,,,,,,,,,,,,,,,,,,,,,,,seo_1040.yaml,0.9452905654907227,0.9517650604248047,0.0,0.0,0.0,0.9436720013618469,0.9436720013618469,0.33842456340789795,0.0,0.9517650604248047,0.9517650604248047
seo_1561_rep1.yaml,1,174.12,seo_1561,seo_1561,protein,A,MRDSPYQRGPDPTVSGVAAQRGTFATAEVSVPPGNGFNGGRIYHPTDTGLGTWGAVAVVPGYTATWNAEGAWMGHWIASFGFVVIGIDTNSPTDWDTARGTQLLAALDYLTQRSPVRDRVDPRRLAVMGHSMGGGGAISAAQRRPSLKAAVPFAPASFSQDLSDVQVPTMVMGARDDGTVTPSSLDTLYATLPAGTEGAFVELSRGGHGFPTWGNSNVTRRVIPWLKLFIDNDTRYTRFLCSTLADSTGVSRYRNTCPYLEHHHHHH,,,,,,,,,,,,,,,,,,,,,,,,,,,,,,,,,,seo_1561.yaml,0.9542049765586853,0.9593067169189453,0.0,0.0,0.0,0.9529295563697815,0.9529295563697815,0.33327001333236694,0.0,0.9593067169189453,0.9593067169189453
seo_1757_rep1.yaml,1,176.12,seo_1757,seo_1757,protein,A,MAPGNPYQRGPDPTVAMIEASAGPFATASTSVPAGHGFNGGTVYYPTDTSLGTWGALAIVPGYSALFANEEAWMGPWLASFGFVVIGVETTTRTDSADARGTELLAALNYLTTQSPVRDRVDPNRLSVLGHSAGGAGAMLAAERQPTLKAAVGLAPGSPVGNLSLAADTVPTMVIGGQNDAVVTPSYLSGLYATMPASTQSDFAQVAGADHVYYTHPNNVEMKLLIPWLKTFLDNDTRYTPFLCPAPPDPSSISLYTPKCPYLEHHHHHH,,,,,,,,,,,,,,,,,,,,,,,,,,,,,,,,,,seo_1757.yaml,0.9459933638572693,0.9537556767463684,0.0,0.0,0.0,0.9440526962280273,0.9440526962280273,0.3593621850013733,0.0,0.9537556767463684,0.9537556767463684
seo_1603_rep1.yaml,1,182.64,seo_1603,seo_1603,protein,A,MADNPYQRGPDPTRTSVTAVNGPFANTSVSVPTGYGFNGGRIYYPTDTSQGTFGAIAISPGYTALFSAELAWMGPWLASHGFVVIGIETNSRNDFDTARGTQLLAALDYLTQQSPVRDRVDPNRLAVAGHSMGGGGALSAATRRSSLKAVVGIAPYSPSSNLANDRVPTMIFAGQADTVVTPSYATNLYNSLPTTTESVYLEVAGADHGFMVGRSNPVMVRTMLPFVKMFVDNDTRYSQFLCPLADSSGVVTYRSTCPLLEHHHHHH,,,,,,,,,,,,,,,,,,,,,,,,,,,,,,,,,,seo_1603.yaml,0.949942409992218,0.9634262323379517,0.0,0.0,0.0,0.9465714693069458,0.9465714693069458,0.33382129669189453,0.0,0.9634262323379517,0.9634262323379517
seo_1160_rep1.yaml,1,187.66,seo_1160,seo_1160,protein,A,MAANPYERGPAPTEASITAEKGPFAIEKIDVPAGSGTGFNKGTIYAPTDRSQGTFGAIAVSPGFVSPQALIDWYGPRLASQGFVVMTLETNSLFDLPAARGEQLLAALDYLTAKSPAKDRIDASRLAVMGHSMGGGGTLEAANKRASLQAAVPLAPWDTNYAWQNVKVPTMIMGADNDTIAPPDSMAESYYDNLTTVPEKAYLELKNAGHMTFNSPNTTIAKYAIAWMKRFVDNDARYEQFLCPEPAPGAAIAQYEGTCPTGLEHHHHHH,,,,,,,,,,,,,,,,,,,,,,,,,,,,,,,,,,seo_1160.yaml,0.9417358636856079,0.9512134790420532,0.0,0.0,0.0,0.9393664002418518,0.9393664002418518,0.37011826038360596,0.0,0.9512134790420532,0.9512134790420532
seo_1617_rep1.yaml,1,243.65,seo_1617,seo_1617,protein,A,MADNPYQRGPDPTRTSVTAVNGPFANTSVSVPTGYGFNGGRIYYPTDTSQGTFGAIAISPGYTALFSAELAWMGPWLASHGFVVIGIETNSRNDFDTARGTQLLAALDYLTQQSPVRDRVDPTRLAVAGHSMGGGGALSAATRRSSLKAAVGIAPYSPSSNLANDRVPTMVFAGQADTVVTPSYATGLYNSLPATTESAYLEVAGADHGFMVGRSNPVLVRTMLPFVKMFVDNDARYSQFLCPLLDSSGVVTYRSTCPLLEHHHHHH,,,,,,,,,,,,,,,,,,,,,,,,,,,,,,,,,,seo_1617.yaml,0.951298713684082,0.9579982161521912,0.0,0.0,0.0,0.9496238827705383,0.9496238827705383,0.36270275712013245,0.0,0.9579982161521912,0.9579982161521912
seo_1506_rep1.yaml,1,215.28,seo_1506,seo_1506,protein,A,MADNPHQRGPNPTQASISANRGTFATAETSVGSGNGFGAAKIYYPTDTSQGTFGAIAVSPGYTATWAAEGAWMGHWLASFGFVVIGIDTINRNDFDVARGTQLLAALDYLTQRSSVRTRVDPHRLAVMGHSMGGGGTISAALRRPTLKAAIGLAPYSPSQTTTGMQVPTMLLAGQNDGTSTPASIITLHNNIPASTEKAYLELTGAGHGFPTSSNSVVTRKVIPWMKIFIDQDTRYTQFLCPLQDWTGIRSYRNSCPLLEHHHHHH,,,,,,,,,,,,,,,,,,,,,,,,,,,,,,,,,,seo_1506.yaml,0.9427735209465027,0.9555886387825012,0.0,0.0,0.0,0.9395697116851807,0.9395697116851807,0.35937735438346863,0.0,0.9555886387825012,0.9555886387825012
seo_1911_rep1.yaml,1,166.71,seo_1911,seo_1911,protein,A,MAQPAASASVEHGPAPTKESIGVDGPYKVASKKAPIDLKRSFYGGTIYYPADAGKGETYGTVVTMPGFLEPGAVMDLVAKRLASHGFVVMRAEALTPFSIPLVRAQAVLSAQKVLHADADLAPIMDTERTALVGHSMGGGGVLHAAAMSEQDAVIPIHPWAQTIFPLVKEPTLTIGGLLDNVAPMVEYTLPIYASIGSETKGLFTDLAGTHWAGLVDNKVIQGRILSFVKLHVDGDTRYEQFVCAPAEKGFTYKSPCLEHHHHHH,,,,,,,,,,,,,,,,,,,,,,,,,,,,,,,,,,seo_1911.yaml,0.9267658591270447,0.9368189573287964,0.0,0.0,0.0,0.9242525100708008,0.9242525100708008,0.44923222064971924,0.0,0.9368189573287964,0.9368189573287964
seo_1390_rep1.yaml,1,177.74,seo_1390,seo_1390,protein,A,MRGPDPTTRDLEDSRGPFRYASTNVRSPSGYGAGTIYYPTDVSGSVGAVAVVPGYLARQSSIRWWGPRLASHGFVVITLDTRSTSDQPASRSAQQMAALRQVVALSETRSSPIYGKVDPNRLAVMGWSMGGGGTLISARDNPSLKAAVPFAPWHNTANFSGVQVPTLVIACENDTVAPISRHASSFYNSFSSSLAKAYLEINNGSHTCANTGNSNQALIGKYGVAWIKRFVDNDTRYSPFLCGAPHQADLRSSRLSEYRESCPYLEHHHHHH,,,,,,,,,,,,,,,,,,,,,,,,,,,,,,,,,,seo_1390.yaml,0.9514709711074829,0.9601476192474365,0.0,0.0,0.0,0.9493017792701721,0.9493017792701721,0.3372628688812256,0.0,0.9601476192474365,0.9601476192474365
seo_1340_rep1.yaml,1,184.39,seo_1340,seo_1340,protein,A,MTRQAAGSYARGPAPTLAGIRAALGPFAYSTVTVTAAQAGGAFGGGTIYYPDDTSQGTFGGVAAVPGYQSAEKAVAWLGPRLASQGFVVITIATNGLTDQPTARGKQLLGALDYLTAQSPAAVRQRLDPNRLAVTGHSMGGGGTLYAAWTRPSLKAAVPLAPWHTIKNWSGITVPTLVQGGTQDTTAQVGTFAEPIYQSLTGARERAYAEIADAAHGTFVRENPLIGALEVAWLKRFVDDDGRYEQFLCPAPADSELTEYRDSCPSSLEHHHHHH,,,,,,,,,,,,,,,,,,,,,,,,,,,,,,,,,,seo_1340.yaml,0.9248149991035461,0.940923273563385,0.0,0.0,0.0,0.9207879304885864,0.9207879304885864,0.41489171981811523,0.0,0.940923273563385,0.940923273563385
seo_154_rep1.yaml,1,173.38,seo_154,seo_154,protein,A,MAGNPYERGPAPTQASVEALRGPYAVAETSVSSLAATGFGGGTIYYPTSTADGTFGAVAVSPGFTATQSSVAWLGPRLASQGFVVFVIDTLTTLDQPDSRGRQLLAALDHLTQKSPVRGRVDASRLAVMGHSMGGGGTLEAAKSRPSLKAAVPLTGWNTDKTWPEISTPTLVIGADGDTIAPVATHSEPFYESLPAGLDKAYLELNGATHFTPNTSNTTIAKYSLSWLKRFVDDDVRYEQFLCPLPRPGLTIDEYRGSCPLGSLEHHHHHH,,,,,,,,,,,,,,,,,,,,,,,,,,,,,,,,,,seo_154.yaml,0.9503002166748047,0.9579920172691345,0.0,0.0,0.0,0.9483773112297058,0.9483773112297058,0.34100598096847534,0.0,0.9579920172691345,0.9579920172691345
seo_2020_rep1.yaml,1,190.25,seo_2020,seo_2020,protein,A,MGDCPATAICRSESPGAYSGNGPYGSRSYTLSRFQTPGGATVYYPANAEPPYAGMVFTPPYTGTQAMFAAWGPFFASHGFVLVTMDTSTTLDSVDQRAAQQKEVLNALKSENTRSGSPLRGKLDTARLGAVGWSMGGGATWINSAEYSGLKTAMSLAGHNLTAVDIDSKGYNTRVPTLLFNGAQDLTYLGGLGQSDGVYNNIPAGIPKVFYEVSSAGHFDWGSPTAANRSVASLALAFHKAYLDGDTRWLQYITRPSSDVTTWRTANIRLEHHHHHH,,,,,,,,,,,,,,,,,,,,,,,,,,,,,,,,,,seo_2020.yaml,0.9562466740608215,0.9596226811408997,0.0,0.0,0.0,0.955402672290802,0.955402672290802,0.32615935802459717,0.0,0.9596226811408997,0.9596226811408997
seo_1555_rep1.yaml,1,173.09,seo_1555,seo_1555,protein,A,MAGSPYQRGPDPTLASVSASRGTFATAQLSVPPGNGFNGGTIYYPTDTGLGTWGAVAIVPGYTARFADEEAWMGHWLASFGFVVIGVETNSRTDYDTARGAQLLAALDYLTQKSPVRDRVDPARLSVVGHSMGGGGALVAAERRPSLKAAVGLAPFKPSGSPTADRVPTMIMGGTADTTVTPSYLDGLAAALPATTESAYLQLTGANHLFATRPNTLEMRILIPWLKTFVDQDSRYTPFLCPALADPSGVSKYRATCPLLPAGTAAGDRSTETAPHSARPLEHHHHHH,,,,,,,,,,,,,,,,,,,,,,,,,,,,,,,,,,seo_1555.yaml,0.9081433415412903,0.9055449366569519,0.0,0.0,0.0,0.9087929129600525,0.9087929129600525,0.5750017762184143,0.0,0.9055449366569519,0.9055449366569519
seo_1519_rep1.yaml,1,193.54,seo_1519,seo_1519,protein,A,MADNPYQRGPDPTRNSVAAENGPFANTSVSVPSGNGFNGGRIYYPTDTSQGTFGAIAISPGYTALFSAELAWMGPWLASHGFVVIGIETNSRNDFDTARGTQLLAALDYLTQQSTVRNRVDPNRLAVAGHSMGGGGALSAAMRRPSLKAVAGITPYSPSSNLANDRVPTMIISGQADTVVTPSYALGLYNSIPATTESVYLEVAGGDHGFMVGRSNPVLIRTMLPFLKTFVDNDARYTQFLCPLVDNSGVVTYRNTCPLLEHHHHHH,,,,,,,,,,,,,,,,,,,,,,,,,,,,,,,,,,seo_1519.yaml,0.9425021409988403,0.9519637823104858,0.0,0.0,0.0,0.9401366710662842,0.9401366710662842,0.37677228450775146,0.0,0.9519637823104858,0.9519637823104858
seo_1477_rep1.yaml,1,181.04,seo_1477,seo_1477,protein,A,MADNPYQRGPAPTLASVAATRGTFATAQMTVSPGNGFNGGTIYYPTDTSLGTWGAVAIVPGYTARFADEEAWMGPWLASFGFVVIGVETNSRTDFDTARGTQLLAALDYLTQKSPVRTRVDPNRLSVIGHSMGGGGALVAAERRPSLKTAVGLAPFKPSGNLAADRVPTMIMGGTADTTVTPSYLDGLHATLPASTENAYLQLTGANHLFPTKPNTLEMRLLIPWLKTFVDSDTRYPQFLCPGPADPTGIASYRGTCPYLPAALEHHHHHH,,,,,,,,,,,,,,,,,,,,,,,,,,,,,,,,,,seo_1477.yaml,0.9464275240898132,0.9532487392425537,0.0,0.0,0.0,0.9447221755981445,0.9447221755981445,0.3491111099720001,0.0,0.9532487392425537,0.9532487392425537
seo_1537_rep1.yaml,1,190.04,seo_1537,seo_1537,protein,A,MQSSSAAANPYERGPAPTVSSVAAQRGTFATAEVTVPPGNGFNGGKIYYPTDTSLGTWGAVAAVPGYTARWSAEGAWMGPWLASFGFVVIGIDTNSPNDYDTARGTQLLAALDYLTRKSPVHDRVDPNRLGVIGHSMGGGGAISAAERRPSLKAAVPLAPFSPSQNLSSLRVPTMIMGARDDGTVTPSYLDGLYSGMPAATQSAYIELTSGGHGFPTWGNSHVTRRAIPWLKIFLDNDTRYTQFLCPSPADSREVSRSQTKCPYLEHHHHHH,,,,,,,,,,,,,,,,,,,,,,,,,,,,,,,,,,seo_1537.yaml,0.9276215434074402,0.9445302486419678,0.0,0.0,0.0,0.9233943819999695,0.9233943819999695,0.37765824794769287,0.0,0.9445302486419678,0.9445302486419678
seo_1189_rep1.yaml,1,172.37,seo_1189,seo_1189,protein,A,MAADNPYQRGPDPTNASIEAATGPFAVGTQPIVGASGFGGGQIYYPTDTSQTYGAVVIVPGFISVWAQLNWLGPRLASQGFVVIGIETSVITDLPDPRGDQALAALDWATTRSPVASRIDRTRLAAAGWSMGGGGLRRAALLEHHHHHH,,,,,,,,,,,,,,,,,,,,,,,,,,,,,,,,,,seo_1189.yaml,0.8350644111633301,0.8210107684135437,0.0,0.0,0.0,0.8385778069496155,0.8385778069496155,0.91844642162323,0.0,0.8210107684135437,0.8210107684135437
seo_1663_rep1.yaml,1,170.12,seo_1663,seo_1663,protein,A,MFADEVGQAPTAANIVGDGSFATTSSAITGQSGFGGGTVYYPTTAGRYPVVAVAPGFLSDWNSLNWLGSRVASWGFVVVGVNTNSGFDFPPSRGDQLLAALNWAVGSAPVAVRDKVDGTRRGVAGWSMGGGGTLEALAKDTTGTVKAGVPLAPWHSDKTWEQVSEPVFLVGGQNDTVAAPSSHAIPFYNSLGGQKSYLELAGQAHFFPTTSNPTVSRAIVSWFKRFVSSDNRFTPFTCGYTGSAVSNFRSSACLEHHHHHH,,,,,,,,,,,,,,,,,,,,,,,,,,,,,,,,,,seo_1663.yaml,0.9518831372261047,0.9529845714569092,0.0,0.0,0.0,0.9516077637672424,0.9516077637672424,0.33798161149024963,0.0,0.9529845714569092,0.9529845714569092
seo_1600_rep1.yaml,1,164.51,seo_1600,seo_1600,protein,A,MADNPYQRGPDPTLASVAASRGPFATTQATVPPGNGFNGGYVYYPTDTSLGTWGAVAIVPGYSALFANEEAWMGPWLASFGFVVLGIETNSRNDGADARATQLLAALDYLTQSSPVRNRVDPNRLSVMGHSAGGAGTLMAALRRPSLKTAVGLAPGAPGNSLNMSTTKVPTMLISGQNDGTVTPSYVQGIYNTLPASVEHAWAELAGNDHLSFTRPNPTEMRILIPWLKIFLDNDTRYTQFLCPLADSTGVSRYNSTCPLLEHHHHHH,,,,,,,,,,,,,,,,,,,,,,,,,,,,,,,,,,seo_1600.yaml,0.9401955604553223,0.9557353854179382,0.0,0.0,0.0,0.9363105893135071,0.9363105893135071,0.3494029939174652,0.0,0.9557353854179382,0.9557353854179382
seo_1236_rep1.yaml,1,320.8,seo_1236,seo_1236,protein,A,MKGPDPTKTMLEASTGPFTYTTTTVSSTTASGYRQGTIYHPTNVTGPFAAVAVVPGYLASQSSINWWGPRLASHGFVVITIDTNSTSDQPPSRATQLMAALNQLKTFSNTSSHPIYRKVDPNRLGVMGWSMGGGGTLIAARDNPTLKAAIPFAPWNSSTNFSTVSVPTLIIACESDSTAPVNSHASPFYNSLPSTTKKAYLEMNNGSHSCANSGNSNAGLIGKYGVSWMKRFMDNDTRFSPYLCGAPHQADLSLTAIDEYRENCPYLEHHHHHH,,,,,,,,,,,,,,,,,,,,,,,,,,,,,,,,,,seo_1236.yaml,0.9558128714561462,0.9623258113861084,0.0,0.0,0.0,0.9541845321655273,0.9541845321655273,0.32763832807540894,0.0,0.9623258113861084,0.9623258113861084
seo_1794_rep1.yaml,1,180.19,seo_1794,seo_1794,protein,A,MAAPTHHPAHARTASAPAQRHVTHPITTTTVPASPSLGFGGGTIFAPADTGRAVLGSVIVTPGFTDTQAGMRWYGTDLAAEGFVVLTIDTLDPDRYDTPEARATQMLAAADYLTGESAVRSVVSKDRVGLLGFSMGGGGVLQAAQSRPSIKAAVALMPFDFSSDPDGGAPGYPRLTTPALVVSAQADDLADPTLMVKPMYDSIPKGTPKQYLQLRGAGHQAGQTTPNGTIRVAATAFLKRYLDGNGAYGKFICPAPAVTPTGPISESTSTCVDSRRRLEHHHHHH,,,,,,,,,,,,,,,,,,,,,,,,,,,,,,,,,,seo_1794.yaml,0.8643804788589478,0.8780921697616577,0.0,0.0,0.0,0.8609525561332703,0.8609525561332703,0.6630105972290039,0.0,0.8780921697616577,0.8780921697616577
seo_377_rep1.yaml,1,332.91,seo_377,seo_377,protein,A,MQDNPYERGPDPTEDSIEDRRGPYSVDEENVSSLVPGFGGGTIYYPGDATETFGAVAVSPGYTAGESTMSWYGPRLASQGFVVFTIDTNTRFDQPGSRGDQLLAALDYLVEDSDRDVRDRLDPDRLAVMGHSMGGGGSLEATADRPSLKASIPLTPWNLDKTWGEVTVPTFIIGAEDDTIASVSSHSEPFYESLSGSLDKAYLELAGASHLAPNSPDTTIAKYTLSWLKRFVDNDTRYTQFLCPGPDDGLFSDVEEYRSTCPFLEHHHHHH,,,,,,,,,,,,,,,,,,,,,,,,,,,,,,,,,,seo_377.yaml,0.9505202174186707,0.9553579688072205,0.0,0.0,0.0,0.949310839176178,0.949310839176178,0.3485802412033081,0.0,0.9553579688072205,0.9553579688072205
seo_1266_rep1.yaml,1,179.13,seo_1266,seo_1266,protein,A,MGQPDTTTSAALQVSAFAKGPDPTDQSIRAQKGPFAVQQQSVAAQSGRAFNRGTVYYPTDTSQGTYGAVAVIPGFLEPEFTTSWYGPTLASYGFVVITLEPNSITDFPEPRSNQLLAAVDWLANESPVKDRVDPNRLAVMGHSMGGGGTLLAASKNPALKAAIPLAPWNMSSNFSDVTVPTLIIGADNDVIAPTFMHADPFYESLKGNQNQGYLKLKGADHFTTNGYTATVTKFAVSWLKRFVDDDTRYSQFLCPAPSPDASFVSFKVGCPVLEHHHHHH,,,,,,,,,,,,,,,,,,,,,,,,,,,,,,,,,,seo_1266.yaml,0.910361111164093,0.9218494892120361,0.0,0.0,0.0,0.9074889421463013,0.9074889421463013,0.47532889246940613,0.0,0.9218494892120361,0.9218494892120361
seo_1546_rep1.yaml,1,186.99,seo_1546,seo_1546,protein,A,MADNPYERGPDPTRTSVATERGPFANTSVSVPTGYGFNGGRIYYPTDTSQGTFGAIAISPGYTALFSAELAWMGPWLASHGFVVIGIETNSRNDFDTARGTQLLAALDYLTQQSPVRDRVDASRLAVAGHSMGGGGALSAATRRPALKAAVGITPFSPSSNLANDRVPTMVISGQADTVVTPSYALDLYNSLPSTTESVYVEVAGGDHGFMVGRSNPVMIRTMLPFLKIFVDNDARYSQFLCPLMDNSGVVTYRSTCPLLEHHHHHH,,,,,,,,,,,,,,,,,,,,,,,,,,,,,,,,,,seo_1546.yaml,0.9431686401367188,0.954653263092041,0.0,0.0,0.0,0.940297544002533,0.940297544002533,0.36729732155799866,0.0,0.954653263092041,0.954653263092041
seo_100_rep1.yaml,1,177.97,seo_100,seo_100,protein,A,MAQGPYDRGPDPTDAILEASRGPFSTAQTSVSSLSVTGFGGGTIYYPTDTSQGTFGAIAISPGYTARWSSLSWLGPRIASHGFVVIGIETNSIYDQPASRGRQLLAALDYLVEDSSTTVRSRIDPSRLAVAGHSMGGGGTLEAADDRPSLQAAVPLAPWNLTKSWSGIRVPTMIIGGESDSVASVTTHSEPFYNSIPSSSEKAYLELNNASHFFPQTTNTTMAKSMVAWLKRFVDDDTRYERFLCPPPSGLSIEEYRHTCPSSLEHHHHHH,,,,,,,,,,,,,,,,,,,,,,,,,,,,,,,,,,seo_100.yaml,0.9406542181968689,0.9501113295555115,0.0,0.0,0.0,0.9382898807525635,0.9382898807525635,0.38384902477264404,0.0,0.9501113295555115,0.9501113295555115
seo_1834_rep1.yaml,1,177.38,seo_1834,seo_1834,protein,A,MGPVAAHADDAGKVDEVVVPRNDVTGFGGGTIFAPTVDAGTKLGAVVVTPGYSDTQADMRWYGTDLAAAGFVVFTIDTNDTQDPPQARANEMLAASDYLTGSSAVADEVDPARVAELGYSMAGGGVLAAAEARHTLKAVIALMPFDVRVNYTRVTTPSLIITGQSDHVAFPFLMGKRMYRSLPGATPKQYLELRGAGHGAGERTPNDTIRTAVTTFLDRYLNDDESAAASICPAPAAVGPISASMSHCGLEHHHHHH,,,,,,,,,,,,,,,,,,,,,,,,,,,,,,,,,,seo_1834.yaml,0.9116441607475281,0.9273597598075867,0.0,0.0,0.0,0.9077153205871582,0.9077153205871582,0.4691249430179596,0.0,0.9273597598075867,0.9273597598075867
seo_1073_rep1.yaml,1,179.63,seo_1073,seo_1073,protein,A,MAENPYERGPAPTESSIEALRGSYSVSSTSVSSLVLGFGGGTIYYPTTTSDGTFGGVVITPGFTAYESSISWLGPRLASQGFVVFTIDTNTTLDQPGQRADQMQAALDYLVESSSVRSRVDENRLAVMGHSMGGGGSLEAARDNPDLKAAIPMTPWHTTKSWSTLSVPTLIFGAENDSVAPVGSHSEPFYNSIPSSRDKMYIELNGASHFAPNSSNTTIAKYSISWLKRFVDDDTRYDQFLCPLPQESSIEESRGTCPLGLEHHHHHH,,,,,,,,,,,,,,,,,,,,,,,,,,,,,,,,,,seo_1073.yaml,0.943631649017334,0.9515800476074219,0.0,0.0,0.0,0.941644549369812,0.941644549369812,0.3941251039505005,0.0,0.9515800476074219,0.9515800476074219
seo_225_rep1.yaml,1,168.62,seo_225,seo_225,protein,A,MAAGPYDRGPDPTDAVLEASRGPFSVATQRVSSLVLGFGGGEIYYPTDTSQGTFGAVAISPGYTARWSSLAWLGPRIASHGFVVIGIETNTLYDQPASRGRQLLAALDYLVEDSPLAVRSRIDPGRLAVAGHSMGGGGTLEAADDRPSLQAAVPIAPWNTDKTWPGIQVPTMIIGGESDSIAPVATHAQLFYESIPSSAEKAYLELNGASHFFPQTTNTTMAKSMVAWLKRFVDDDTRYEQFLCPPPSGTAIEEYRHTCPSSLEHHHHHH,,,,,,,,,,,,,,,,,,,,,,,,,,,,,,,,,,seo_225.yaml,0.9361951947212219,0.9510645270347595,0.0,0.0,0.0,0.9324778318405151,0.9324778318405151,0.3742227852344513,0.0,0.9510645270347595,0.9510645270347595
seo_247_rep1.yaml,1,174.78,seo_247,seo_247,protein,A,MQTNPYQKGPDPTSASLNATSGPFSVATSSVSSLVTGFGGGTIYYPTTTGTYAVLAISPGFTATQSSIAWLGRRIATHGFVVITIDTNSTLDQPPSRATQLMAALNYVTNSSNATVRSRVDASRRGVAGHSMGGGGTLYAARDNPSLKAAVPLTAWSTLKSFSSMQVPTLVIGAEADTVAPVASHSIPFYNSLSGSLDKAYAELNGASHFAPNSTNTPIGRYSVAWVKRFMDNDTRYTQFLCGTPHQSYATSLVFSDYRSTCPYLEHHHHHH,,,,,,,,,,,,,,,,,,,,,,,,,,,,,,,,,,seo_247.yaml,0.9547560811042786,0.961449146270752,0.0,0.0,0.0,0.953082799911499,0.953082799911499,0.3266693949699402,0.0,0.961449146270752,0.961449146270752
seo_1456_rep1.yaml,1,162.56,seo_1456,seo_1456,protein,A,MEDNPYQRGPNPTQASIAANRGTFATAETSVGGGHGFGAAKIYYPTDTSQGTFGAIAVSPGYTATWAAEGAWMGHWLASFGFVVVGIDTINRNDREYARGTQLLAALDYLTQRSSVRTRVDPNRLAVMGHSMGGGGTISAALRRPTLKAAIGLAPYSPSQTPSGTRVPTMLLAGQNDATSTPASIINHYNAIPASTEKAYLELAGAGHGFPTSNNSVMTRKVIPWMKIFIDQDTRYPRFLCPLRDWTGIRSYRSSCPLLTGSTGAADVLEHHHHHH,,,,,,,,,,,,,,,,,,,,,,,,,,,,,,,,,,seo_1456.yaml,0.9215567708015442,0.9370163679122925,0.0,0.0,0.0,0.9176918268203735,0.9176918268203735,0.49381035566329956,0.0,0.9370163679122925,0.9370163679122925
seo_1240_rep1.yaml,1,171.77,seo_1240,seo_1240,protein,A,MADRATGAPAAAAKPRATAGEDLTRNGPFVYTSTTVADASTPGFGAATIYYPTAAGTYGGVAISPGFLETQSAVKWFGPRLASYGFVVIVIDTNSTMDDPDSRGTQLLASLDYLTGSSAVKGKVDASRLAVMGHSMGGGGSLAAAKARPSLKAAIPLTPWHTDKTWPEVTTPTLIVGAENDTIAPVADHAEPFYASLPASSAHAYLELNNVDHSATNSDNPATSVQSVAWLKRFVNGDTAYSSYLCPGPAPSSTVQEYRSSCPFLEHHHHHH,,,,,,,,,,,,,,,,,,,,,,,,,,,,,,,,,,seo_1240.yaml,0.9044296145439148,0.9095590710639954,0.0,0.0,0.0,0.9031472206115723,0.9031472206115723,0.547791600227356,0.0,0.9095590710639954,0.9095590710639954
seo_1637_rep1.yaml,1,180.78,seo_1637,seo_1637,protein,A,MADNPYQRGPDPTPTSVTAVNGPFANTSVAVPTGYGFNGGRIYYPTDTSQGTFGAIAISPGYTALFSAELAWMGPWLASHGFVVIGIETNSRNDFDTARGTQLLAALDYLTQQSPVRDRVDPNRLAVAGHSMGGGGALSAATRRSSLKAAVGIAPYSPSSNLANDRVPTMIFAGQADTVVTPSYASGLYNSLPATTESVYLEVAGADHGFMVGRSNPVMVRTMLPFVKMFIDNDTRYSQFLCPLMDSSGVVTSRSTCPLLEHHHHHH,,,,,,,,,,,,,,,,,,,,,,,,,,,,,,,,,,seo_1637.yaml,0.9457875490188599,0.9551919102668762,0.0,0.0,0.0,0.9434364438056946,0.9434364438056946,0.36650729179382324,0.0,0.9551919102668762,0.9551919102668762
seo_1538_rep1.yaml,1,161.41,seo_1538,seo_1538,protein,A,MADNPYQRGPDPTRASVASVNGPFATAQTSVPGGYGFAGGMIYYPTDTSQGTFGGIAISPGYTALFSAELAWMGPWLASHGFVVIGIETNSRNDFDEARGTQLLAALDYLTQQSPVRTRVDPNRLAVSGHSMGGGGALNAAIRRPSLKATVGIAPFLPSSNLANDRVPTMVFAGQADTVVSPSSVLNQYNSLPATTESVYLEVAGADHGFMVGRPNNVMIRTMLPFLKMFVDNDSRYSQFLCPLLDSSGVVTYRSTCPLLEHHHHHH,,,,,,,,,,,,,,,,,,,,,,,,,,,,,,,,,,seo_1538.yaml,0.9415594935417175,0.953157365322113,0.0,0.0,0.0,0.9386600852012634,0.9386600852012634,0.36747869849205017,0.0,0.953157365322113,0.953157365322113
seo_22_rep1.yaml,1,165.8,seo_22,seo_22,protein,A,MANPYERGPNPTESMLEARSGPFSVSEERASRFGADGFGGGTIYYPRENNTYGAIAISPGYTGTQSSIAWLGERIASHGFVVIAIDTNTTLDQPDSRARQLNAALDYMLTDASSAVRNRIDASRLAVMGHSMGGGGTLRLASQRPDLKAAIPLTPWHLNKSWRDITVPTLIIGAEYDTIASVTLHSKPFYNSIPSPTDKAYLELDGASHFAPNITNKTIGMYSVAWLKRFVDEDTRYTQFLCPGPRTGLLSDVEEYRSTCPFLEHHHHHH,,,,,,,,,,,,,,,,,,,,,,,,,,,,,,,,,,seo_22.yaml,0.9530127644538879,0.9642781615257263,0.0,0.0,0.0,0.9501964449882507,0.9501964449882507,0.3296419084072113,0.0,0.9642781615257263,0.9642781615257263
seo_1371_rep1.yaml,1,203.81,seo_1371,seo_1371,protein,A,MPGTGFERGPDPSVSFLEAATGPYSVDTERVSGFVSGFGGGTIHYPEDTTGTMAAIVVIPGYVSAESSIEWWGPKLASHGFVVMTIDTNSGFDQPPSRADQINAALDYLVDENTSSGSPVQGMIDTDRLGVVGWSMGGGGTLRVATEGRISAAIPLAPWDTSSLRFRNVEAPTLIIACESDIIAPVGSHASPFYNRIPEDVDKAFVEIDGGSHYCGNGGGFNNDVLSRFGVSWMKLHLDNDDRYQQFLCGPDHEDDSDISEYRGNCPYLEHHHHHH,,,,,,,,,,,,,,,,,,,,,,,,,,,,,,,,,,seo_1371.yaml,0.931309163570404,0.9563941359519958,0.0,0.0,0.0,0.9250379204750061,0.9250379204750061,0.38826310634613037,0.0,0.9563941359519958,0.9563941359519958
seo_1011_rep1.yaml,1,179.78,seo_1011,seo_1011,protein,A,MAQNPHERGPDPSNSYIEQARGSYSVSQRSISRLGSDGFRDGTMYYPTSTADGRFGVVAISPGYTASESTIAWLGPRLASFGFVVVTINTDSRYDQPRQRATQLHAALDHAIGDSVVGPRIDTSRQAVMGHSMGGGGALQAAEERDEIRAAVPLTPWNLKKGWSGVDAATLVIGAENDAIAPVRSHSIPFYESLTNAERRAYLELRREGHFAPNSSNTLIAKYSVSWLKRYVDNDLRYDQFIDPGPRTGITTGVSDYRLGLEHHHHHH,,,,,,,,,,,,,,,,,,,,,,,,,,,,,,,,,,seo_1011.yaml,0.9500142931938171,0.9609666466712952,0.0,0.0,0.0,0.9472761750221252,0.9472761750221252,0.34259477257728577,0.0,0.9609666466712952,0.9609666466712952
seo_1714_rep1.yaml,1,180.38,seo_1714,seo_1714,protein,A,MVGNPYQRGPDPTRDSVAANRGTFATAEMSVSPGNGFNGGSIYYPTDTSQGTFGAVAIVPGYTARFADEEAWMGHWLASFGFVVIGVETNSTDDFDTARGTQLLAALDWLTSSSPVRDRIDASRQSVIGHSMGGGGALHAAGTRSSLKAAIGLTPFMPSGTPANNQVPTLLIAGTNDTVVAPSYVTDLYNALPSSTERAYMEFVGADHLFPTRPNNLEMRILIPWLKTFVDSDSRYTQFLCPLMDSSGIAGYRNSCPLLLEHHHHHH,,,,,,,,,,,,,,,,,,,,,,,,,,,,,,,,,,seo_1714.yaml,0.9440253376960754,0.9557682275772095,0.0,0.0,0.0,0.9410896301269531,0.9410896301269531,0.36262643337249756,0.0,0.9557682275772095,0.9557682275772095
seo_1625_rep1.yaml,1,185.79,seo_1625,seo_1625,protein,A,MADNPYQRGPDPTRTSVTAERGPFANTSVSVPTGYGFNGGRIYYPTDTSQGTFGAIAISPGYTALFSAELAWMGPWLASHGFVVIGIETNSRNDFDTARGTQLLAALDYLTQQSPVRDRVDPNRLAVSGHSMGGGGALSAAIRRSSLKAVVGIAPYSPSSNLANDRVPTMIFSGQADTVVTPSYATGLYNSLPATTESVYLEVAGADHGFMVGRSNPVMIRTMLPFVKMFIDNDARYSQFLCPLLDSSGVVTYRSTCPLLEHHHHHH,,,,,,,,,,,,,,,,,,,,,,,,,,,,,,,,,,seo_1625.yaml,0.9517179727554321,0.9604547023773193,0.0,0.0,0.0,0.9495337605476379,0.9495337605476379,0.34789949655532837,0.0,0.9604547023773193,0.9604547023773193
seo_1481_rep1.yaml,1,188.74,seo_1481,seo_1481,protein,A,MADNPYQRGPAPTQAGIAANRGTFATAETSVGGGNGFGAAKIYYPTDTSQGKFGAIAVSPGITATWAAEGAWMGHWLASFGFVVIGIDTLGRNDRDVERGTQLLAALDYLTQRSSVRDRVDASRLGVMGHSMGGGGAFSAALRRPSLKTAIGNAPYSPSQNLNNMRVPTALLAGQRDTTSTPSMVSANYNQIPAGVEKMYLELTGAGHAFPTSNNSVVTRKVVPWMKIFLDNDTRYQQFLCPLLDNTGIRTYRSTCPLLEHHHHHH,,,,,,,,,,,,,,,,,,,,,,,,,,,,,,,,,,seo_1481.yaml,0.9397690892219543,0.9543663859367371,0.0,0.0,0.0,0.9361197352409363,0.9361197352409363,0.3565431833267212,0.0,0.9543663859367371,0.9543663859367371
seo_13_rep1.yaml,1,173.92,seo_13,seo_13,protein,A,MANPYERGPNPTQALLEARSGPFSVSSERAWRLGSDGFGGGTIYYPRENNTYGAVAISPGYTGTQASVAWLGERIASHGFVVITIDTNTTLDQPDSRARQLDAALDHMLNDASSAVRSRIDRNRLAVMGHSMGGGGTLRLASQRPDLKAAIPLTPWHLNKSWSNVQVPTLIIGADLDTIAPVLTHAEPFYNSIPTSTRKAYLELDGATHFAPNITNSTIGMYSVAWLKRFVDEDTRYTQFLCPGPRTGLFSDVEEYRSTCPFLEHHHHHH,,,,,,,,,,,,,,,,,,,,,,,,,,,,,,,,,,seo_13.yaml,0.9520878195762634,0.9586139917373657,0.0,0.0,0.0,0.9504562020301819,0.9504562020301819,0.3463684022426605,0.0,0.9586139917373657,0.9586139917373657
seo_282_rep1.yaml,1,169.37,seo_282,seo_282,protein,A,MAENPYERGPDPTVASIEAPRGPFAIAETRVSSLSVRGFGGGTIYYPTSTREGTFGAVAIAPGYTADQSSMSWYGPRLASQGFVIFTIDTNSRYDQPASRGAQLLAALDYLVRESSVRSRIDGNRLGVMGHSMGGGGALEAVNDRPALQAAIPLTAWNLDKTWQGVRVPTMIIGAENDSVAPVRSHSMPFYTSLPSTLDKAYLELDNASHFAPNVSNTTIAKYSISWLKRFIDNDTRYERFLCPAPRDSTISEYRDTCPHSSLEHHHHHH,,,,,,,,,,,,,,,,,,,,,,,,,,,,,,,,,,seo_282.yaml,0.942633330821991,0.9567868709564209,0.0,0.0,0.0,0.9390949606895447,0.9390949606895447,0.3505301773548126,0.0,0.9567868709564209,0.9567868709564209
seo_617_rep1.yaml,1,169.92,seo_617,seo_617,protein,A,MLVPSADAATTAYPKGPAPTNSSIEATSGPFAIAQTSVSRLTASGFGGGDIYYPTSTSAGTYGAVVIAPGFTAYKSSMAWLAPRIASQGFVVFNIDTLNTSDQPDSRGRQLLAAADYLTGRSSVRTRVDATRVAVVGHSMGGGGTLEASRSRPSLQAAILLTPWNLTKSWRTNTVPTLVVGADGDTVASVTTHAEPFYTSLPASPGKAYLELNNGTHFSPNSSNTTIAKYSIAWLKLFVDNDTRYQQFVCPGPGLGLTVQEYRNTCSSFAILEHHHHHH,,,,,,,,,,,,,,,,,,,,,,,,,,,,,,,,,,seo_617.yaml,0.9310271143913269,0.945046603679657,0.0,0.0,0.0,0.9275223016738892,0.9275223016738892,0.41158244013786316,0.0,0.945046603679657,0.945046603679657
seo_1711_rep1.yaml,1,154.7,seo_1711,seo_1711,protein,A,MQAPTRESLGAQGPYQVAYYSNFPAVQEFTAGTIYFPANKAQTFGAVAISPGFAERQENMSWWGRHLASHGFAVLTLDTNELRDDPAIRAEALMAALRVLSGESEREGSPLRGKIDTNRMAIMGHSMGGGGTLLAANTHSSELKAAIPFTPWQPDGDFSDVTVPTLIIAGEIDRVAPVNDHAWPHYQSLSASNPRMYLEIRGGNHFIANTATGGDRLAPNIDVHDLVGSMGVAWLKLFVDGEEEYRDLVFGDMPAGDRERLSRWEFEELEHHHHHH,,,,,,,,,,,,,,,,,,,,,,,,,,,,,,,,,,seo_1711.yaml,0.9436379671096802,0.9572902321815491,0.0,0.0,0.0,0.9402248859405518,0.9402248859405518,0.33803924918174744,0.0,0.9572902321815491,0.9572902321815491
seo_1630_rep1.yaml,1,166.16,seo_1630,seo_1630,protein,A,MADQVGQAPTAANITGDGSFATASAPITNQTGFGGGTVYYPTAAGTYPVVAVVPGFVSTWSQISWLGPRVASWGFVVVGADTTSGFDSPSQRADELLAALNWAVNSAPAAVRGKVDGTRRGVAGWSMGGGGTLEALAKDTTGTVKAGVPLAPWDIGQDFSKVTKPVFIVGAQNDTIAPPAQHAVPFYNAAAGPKSYLELAGADHFFPTTANPTVSRAMVSWLKRFVSSDDRFTPFTCGFAGAAVSAFRSTACLEHHHHHH,,,,,,,,,,,,,,,,,,,,,,,,,,,,,,,,,,seo_1630.yaml,0.9516443610191345,0.9563992619514465,0.0,0.0,0.0,0.9504555463790894,0.9504555463790894,0.3242296278476715,0.0,0.9563992619514465,0.9563992619514465
seo_1181_rep1.yaml,1,188.04,seo_1181,seo_1181,protein,A,MTTASATTVSGTQAAAAQEYRRGPDPTAQSVEAATGPFAIQQTSVPAGNGFGGGTIYYPTDTSQGTFGAIAISPGWTEDQSAIAWLGPKLASNGFVVMTINNNNAFLDFPDARGTQLLAALDSLTGQSPVAGRIDKNRLAVAGHSMGGGGALRAAATRPEIQAAIPLTPWHLNQDWSSVRVPTLIVGGETDIIASVGAHSEPFYESLTNAPERAYLEMEGQGHFVTNSANPTVGRYVLSWLKRYVDNDTRYEQFLCPAPAPSSVISEYRDSCPGSLEHHHHHH,,,,,,,,,,,,,,,,,,,,,,,,,,,,,,,,,,seo_1181.yaml,0.915805459022522,0.9192999601364136,0.0,0.0,0.0,0.9149317741394043,0.9149317741394043,0.44318467378616333,0.0,0.9192999601364136,0.9192999601364136
seo_1521_rep1.yaml,1,168.16,seo_1521,seo_1521,protein,A,MADNPYQRGPDPTPASVGASRGTFATAQVSVPAGNGFGGGVIYYPTDTSQGRFGAVAVVPGYTATWAAEGAWMGPWLASFGFVVIGIDTNSRNDWDTARGTQLLAALDYLTQRSSVRDRVDASRAAVMGHSMGGGGAIYAALQRPSLKTTVGLAPFSASQTLNNMRVPTMLLAGQNDGTTTPASIRNYYGQVPSGVEKAYLELTGAGHGFPTSNNPTMMRNVIPWLKIFVDSDTRYTQFLCPLSNTNGIRSYESTCPLLEHHHHHH,,,,,,,,,,,,,,,,,,,,,,,,,,,,,,,,,,seo_1521.yaml,0.945949375629425,0.956985592842102,0.0,0.0,0.0,0.9431902766227722,0.9431902766227722,0.3473595082759857,0.0,0.956985592842102,0.956985592842102
seo_1522_rep1.yaml,1,167.97,seo_1522,seo_1522,protein,A,MTGAPAYADEIGQAPTSSNITGNGSFSVSTYNISSLVSGFGGGVAYYPSTAGRYPVVAVSPGFTARWSSISWIGPRLASWGFVVVGIETNSVYDQPASRGSQLLAALNWAVNSAPSAITSRADGSRRGVAGHSMGGGGTLEALAADTTGNVKAGVPLAPWNSDKTWNNVNEPVQIIGGESDTVAGVSSHSIPFYNSLGGSKSYVELNGASHFFPQTTNATTSRALVSWFKRWLNQDARFTPFTCGYSGTAVSDFRTNACLEHHHHHH,,,,,,,,,,,,,,,,,,,,,,,,,,,,,,,,,,seo_1522.yaml,0.9318569302558899,0.9434258937835693,0.0,0.0,0.0,0.9289646744728088,0.9289646744728088,0.3765803873538971,0.0,0.9434258937835693,0.9434258937835693
seo_1620_rep1.yaml,1,205.29,seo_1620,seo_1620,protein,A,MRGPDPTRTSVTAVNGPFANTSVSVPTGYGFNGGRIYYPTDTSQGTFGAIAISPGYTALFSAELAWMGPWLASHGFVVIGIETNSRNDFDTARGTQLLAALDYLTQQSPVRDRVDPNRLAVAGHSMGGGGALSAATRRSSLKAVVGIAPYSPSSNLANDRVPTMIFSGQADTVVTPSYATGLYNSLPATTESVYVEVAGADHGFMVGRSNPVMVRTMLPFVKMFIDNDTRYSQFLCPLLDSSGVVTYRSTCPLLLEHHHHHH,,,,,,,,,,,,,,,,,,,,,,,,,,,,,,,,,,seo_1620.yaml,0.9488577246665955,0.9536908268928528,0.0,0.0,0.0,0.9476494193077087,0.9476494193077087,0.3670220673084259,0.0,0.9536908268928528,0.9536908268928528
seo_1621_rep1.yaml,1,186.34,seo_1621,seo_1621,protein,A,MADNPYQRGPDPTRTSVTAVNGPFANTSVSVPTGYGFNGGRIYYPTDTSQGTFGAIAISPGYTALFSAELAWMGPWLASHGFVVIGIETNSRNDFDTARGTQLLAALDYLTQQSPVRDRVDPTRLAVAGHSMGGGGALSAAIRRSSLKAVVGIAPYSPSSNLANDRVPTMVISGQADTVVTPSYATGLYNSLPSTTESVYLEVAGADHGFMVGRSNPVMVRTMLPFVKMFVDNDARYSQFLCPLLDNSGVVTYRSTCPLLEHHHHHH,,,,,,,,,,,,,,,,,,,,,,,,,,,,,,,,,,seo_1621.yaml,0.9480130076408386,0.9576334953308105,0.0,0.0,0.0,0.9456079006195068,0.9456079006195068,0.36238932609558105,0.0,0.9576334953308105,0.9576334953308105
seo_59_rep1.yaml,1,167.87,seo_59,seo_59,protein,A,MPAGAADNPYERGPAPTVSSIEASRGPYAVSQTSVSSLSVTGFGGGTIYYPTSTSDGTFGAVAISPGYTAYQSSIAWLGPRLASQGFVVFTIDTNTTLDQPDSRGRQLLAALDYLTGRSSVRDRIDSSRLGVMGHSMGGGGTLEAAKSRPSLQAAIPLTGWNLDKTWPEITTPTLVVGADGDTIAPVATHSEPFYESLPGSLDKAYLELNNATHFTPNTSNTTIAKYSISWLKRFIDNDTRYEQFLCPLPRPSTTIEEYRGNCPHTSLEHHHHHH,,,,,,,,,,,,,,,,,,,,,,,,,,,,,,,,,,seo_59.yaml,0.94367915391922,0.9488760828971863,0.0,0.0,0.0,0.9423799514770508,0.9423799514770508,0.38477134704589844,0.0,0.9488760828971863,0.9488760828971863
seo_1641_rep1.yaml,1,177.68,seo_1641,seo_1641,protein,A,MADNPYQRGPDPTRTSVTAENGPFANTSVSVPTGYGFNGGRIYYPTDTSQGTFGAIAISPGYTALFSAELAWMGPWLASHGFVVIGIETNSRNDFDTARGTQLLAALDYLTQQSPIRDRVDPNRLAVAGHSMGGGGALSAASRRSSLRAVVGIAPYSPSSNLANDRVPTMIFSGQADTVVTPSYATGLYNSLPATTKSVYLEVAGADHGFMVGRSNPVMIRTMLPFVKMFIDNDARYSQFLCPLLDSSGVVTYRSTCPLLEHHHHHH,,,,,,,,,,,,,,,,,,,,,,,,,,,,,,,,,,seo_1641.yaml,0.949061393737793,0.960955798625946,0.0,0.0,0.0,0.9460878372192383,0.9460878372192383,0.3289855420589447,0.0,0.960955798625946,0.960955798625946
seo_121_rep1.yaml,1,170.47,seo_121,seo_121,protein,A,MADNPYERGPAPTTASIEAARGPYAVSQTSVSRLAVSGFGGGTIYYPTSTADGTFGAVAVSPGYTAYQSSIAWLGPRLASQGFVVFTIDTLTTSDQPDSRGRQLLAALDYLVQSSAVRSRIDAGRLGVMGHSMGGGGTLEAAKSRPSLQAAIPLTGWNLDKTWPEITTPTLVVGADGDTIAPVATHSQPFYSTLPSSTDRAYIELRGATHFTPNSSNTTIAKYSISWLKRFIDNDTRYEQFLCPLPAVSLTIAESRGNCPHTSLEHHHHHH,,,,,,,,,,,,,,,,,,,,,,,,,,,,,,,,,,seo_121.yaml,0.9527153372764587,0.9611244201660156,0.0,0.0,0.0,0.9506130814552307,0.9506130814552307,0.3409932255744934,0.0,0.9611244201660156,0.9611244201660156
seo_249_rep1.yaml,1,171.63,seo_249,seo_249,protein,A,MQDNPYERGPDPTEDSIEAIRGPFSVATERVSSFASGFGGGTIYYPRETDEGTFGAVAVAPGFTASQGSMSWYGERVASQGFIVFTIDTNTRLDQPGQRGRQLLAALDYLVERSDRKVRERLDPNRLAVMGHSMGGGGSLEATVMRPSLKASIPLTPWNLDKTWGQVQVPTFIIGAELDTIASVRTHAKPFYESLPSSLPKAYMELDGATHFAPNIPNTTIAKYVISWLKRFVDEDTRYSQFLCPNPTDRAIEEYRSTCPYLEHHHHHH,,,,,,,,,,,,,,,,,,,,,,,,,,,,,,,,,,seo_249.yaml,0.9572931528091431,0.9601855874061584,0.0,0.0,0.0,0.9565699696540833,0.9565699696540833,0.325346976518631,0.0,0.9601855874061584,0.9601855874061584
seo_1507_rep1.yaml,1,165.21,seo_1507,seo_1507,protein,A,MFADEIGQAPTSSNITGNGSFSVSTYNISSLVSGFGGGVAYYPTTSGRYPVVAVSPGFTARWSSISWIGPRLASWGFVVVGIETNGLYDQPASRGSQLLAALNWAVNSAPSAITSRADGSRRGVAGHSMGGGGTLEALAADTTGNVKAGVPIAPWNSDKTWSGINEAVQIVGGESDTIASVGSHSIPFYNSVSGPKSYVELNGASHFFPQSTNSTLSRALVSWFKRYLNQDARFTPFTCGYGGTAVSDFRTNACLEHHHHHH,,,,,,,,,,,,,,,,,,,,,,,,,,,,,,,,,,seo_1507.yaml,0.9524926543235779,0.9565905332565308,0.0,0.0,0.0,0.9514681696891785,0.9514681696891785,0.3308354616165161,0.0,0.9565905332565308,0.9565905332565308
seo_5_rep1.yaml,1,208.31,seo_5,seo_5,protein,A,MANPYERGPNPTDALLEARSGPFSVSEENVSRLGASGFGGGTIYYPRENNTYGAVAISPGYTGTQASVAWLGKRIASHGFVVITIDTITTLDQPDSRARQLNAALDYMINDASSAVRSRIDSSRLAVMGHSMGGGGSLRLASQRPDLKAAIPLTPWHLNKNWSSVRVPTLIIGADLDTIAPVLTHARPFYNSLPTSISKAYLELDGATHFAPNIPNKIIGKYSVAWLKRFVDNDTRYTQFLCPGPRDGLFGEVEEYRSTCPFLEHHHHHH,,,,,,,,,,,,,,,,,,,,,,,,,,,,,,,,,,seo_5.yaml,0.9500431418418884,0.9592307806015015,0.0,0.0,0.0,0.947746217250824,0.947746217250824,0.3427830934524536,0.0,0.9592307806015015,0.9592307806015015
seo_1465_rep1.yaml,1,181.79,seo_1465,seo_1465,protein,A,MADNPYQRGPDPTQSSVSASRGTFATAQVGVPAGNGFGGGVIYHPTDTSQGTFGAVAIVPGYTATWAAEGAWMGHWLASFGFVVIGIDTNNRNDWDTARGTQLLAALDYLTQRSSVRDRVDPSRTAVMGHSMGGGGAMYAALQRPSLKTAVGLAPFSPSQNLTTTRVPTMLLSGQNDTTTTPASIVNLYNGIPSSVEKAYLELTGAGHGFPTSNNSTMMRNVIPWLKIFVDSDTRYTQFLCPLSDSNGIRTYQNTCPLLEHHHHHH,,,,,,,,,,,,,,,,,,,,,,,,,,,,,,,,,,seo_1465.yaml,0.9459068179130554,0.9565671682357788,0.0,0.0,0.0,0.9432417154312134,0.9432417154312134,0.3614951968193054,0.0,0.9565671682357788,0.9565671682357788
seo_1635_rep1.yaml,1,170.12,seo_1635,seo_1635,protein,A,MADNPYQRGPDPTRSSVASVNGPFANTSVAVPTGYGFNGGRIYYPTDTSQGTFGAVAISPGYNALFSAELAWMGPWLASHGFVVIGIETNSRNDFDTARGTQLLAALDYLVQQSPVRDRIDPNRLAVSGHSMGGGGALSAALRRSSLKAAVGIAPYSPSSNLANDRVPTMVFAGQADTVVTPSYATGLYNSLPVTTESAYLEVAGADHGFMVGRSNPVLIRTMLPFLKMFVDNDARYSQFLCPLADNNGVVSYRSTCPLLLEHHHHHH,,,,,,,,,,,,,,,,,,,,,,,,,,,,,,,,,,seo_1635.yaml,0.947004497051239,0.9556480646133423,0.0,0.0,0.0,0.944843590259552,0.944843590259552,0.36359184980392456,0.0,0.9556480646133423,0.9556480646133423
seo_554_rep1.yaml,1,207.17,seo_554,seo_554,protein,A,MAANPYERGPDPTDSSIEATRGSFATSTDTVSRLAVSGFGGGTIYYPTTTTAGTFGAISIAPGFTATQSSIAWLGPRLASQGFVVFTIDTLTTSDQPDSRGRQLLASLDYLTQQSSVRSRIDSSRLGVVGHSMGGGGTLEAARSRPSLQAAVPLTGWNLTKNWSTLRVPTLVVGAQSDTIAPVASHSIPFYTSLPSTLDRAYLELRGASHFAPNSSNTTIAKYTLSWLKRFIDNDTRYEQFLCPIPSTSLSISDYRGNCPHNGLEHHHHHH,,,,,,,,,,,,,,,,,,,,,,,,,,,,,,,,,,seo_554.yaml,0.9548467993736267,0.9613814353942871,0.0,0.0,0.0,0.9532130360603333,0.9532130360603333,0.341316282749176,0.0,0.9613814353942871,0.9613814353942871
seo_1591_rep1.yaml,1,214.78,seo_1591,seo_1591,protein,A,MADNPYQRGPDPTRASVASENGPFANTSVAVPTGYGFNGGRIYYPTDTSQGTFGAIAISPGYTALFSVELAWMGPWLASHGFVVIGIETNSRNDFDTARGTQLLAALDYLTQQGPVRDRVDSSRLSVAGHSMGGGGALSAAMRRSSLKAAVGIAPYSPSSNLATDRVPTMVFSGQADTVVTPSYATGLYNSLPSTTESAYLEVAGADHGFMVGRSNPVLIRTMLPFLKIFVDNDARYSQFLCPLLDTSGVVTYRSTCPLLEHHHHHH,,,,,,,,,,,,,,,,,,,,,,,,,,,,,,,,,,seo_1591.yaml,0.9498664736747742,0.9571795463562012,0.0,0.0,0.0,0.9480382800102234,0.9480382800102234,0.3622001111507416,0.0,0.9571795463562012,0.9571795463562012
seo_1489_rep1.yaml,1,171.42,seo_1489,seo_1489,protein,A,MADNPYQRGPDPTAESVRASRGTFATTQVTVPAGNGFGGGVIYHPTDTSQGTFGAVAIVPGYTATWAAEGAWMGHWLASFGFVVIGVDTINRNDWDTARGTQLLAALDYLTQQSPVRNRVDASRAAVMGHSMGGGGAMSAALRRPSLKAAVGLAPFSPSQNLTNTRVPTMLIAGQNDGTTTPASISTLYNGIPASTESAYLEFAGAGHGFPTSNNPLMMRVVIPWLKIFVDNDTRYSQFLCPLTDRTGITQYRSTCPLLEHHHHHH,,,,,,,,,,,,,,,,,,,,,,,,,,,,,,,,,,seo_1489.yaml,0.9436362385749817,0.95564866065979,0.0,0.0,0.0,0.9406331181526184,0.9406331181526184,0.36648476123809814,0.0,0.95564866065979,0.95564866065979
seo_1676_rep1.yaml,1,170.77,seo_1676,seo_1676,protein,A,MADNPYQRGPDPTVASVAATRGTFATAQLTVPPGNGFGGGYIYYPTDTSHGTWGAVAIVPGYSALFANEEAWMGPWLASFGFVVIGVETNTRSDGADARATELLAALDYLTQQSAVRDRVDAGRLAVMGHSAGGAGTILAAERRPALKAAVGLAPGTPGSLSLATDKVPMMVIGGQTDPTVTPAYLDNLYAGMPTTTPSDFVQIAGADHLFFTRANNTEMKVLIPWLKIFLDNDTRYTQFLCPSLADPSGISLYRSKCPYLEHHHHHH,,,,,,,,,,,,,,,,,,,,,,,,,,,,,,,,,,seo_1676.yaml,0.9458916783332825,0.9524012207984924,0.0,0.0,0.0,0.94426429271698,0.94426429271698,0.3606424927711487,0.0,0.9524012207984924,0.9524012207984924
seo_1837_rep1.yaml,1,201.11,seo_1837,seo_1837,protein,A,MPTAAQAAEPVHHPVTRPAASSHHQPSDVDQIVVPATADPGFGGGTIYAPRDTGRKVLGSVVVTPGFHGRKSDMAAYGTELAAEGFVVFTIDTRDRADLPDQRATEMLAAADYLTGRSAVTGEVSPDRVALLGYSMGGGGTLQAAQRRPSIKAALTLMPYDYPPAGDPKAVHPAYPELTVPTLIITGQEDATAIPAKFGKPAYDSIPAGTPKQYLQLTGLGHAAGMGKPVATIRAAITAFLERYLDGDTAAAKQICPAPKVGGPISASTSSCPTSLEHHHHHH,,,,,,,,,,,,,,,,,,,,,,,,,,,,,,,,,,seo_1837.yaml,0.8722802996635437,0.8798431158065796,0.0,0.0,0.0,0.8703895807266235,0.8703895807266235,0.6935909986495972,0.0,0.8798431158065796,0.8798431158065796
seo_40_rep1.yaml,1,168.42,seo_40,seo_40,protein,A,MDNPYERGPAPTESSIEALRGPYSVAETEVSSLAVTGFGGGTIYYPTSTSDGTFGAVVISPGFTALQSSIAWLGPRLASQGFVVFTIDTNTTVDQPDSRGRQLLAALDYLTERSSVRSRIDSSRLGVMGHSMGGGGTLEAAKTRPSLQAAIPLTPWNLDKTWPEVRTPTLIIGADGDTIAPVASHSEPFYSSLPSSTDRAYLELNGATHFSPNTSNTTIAKYSISWLKRFIDNDTRYDQFLCPLPRPSLTIEEYRGNCPHVSLEHHHHHH,,,,,,,,,,,,,,,,,,,,,,,,,,,,,,,,,,seo_40.yaml,0.9553067088127136,0.9620327353477478,0.0,0.0,0.0,0.9536252617835999,0.9536252617835999,0.3347190022468567,0.0,0.9620327353477478,0.9620327353477478
seo_1594_rep1.yaml,1,147.8,seo_1594,seo_1594,protein,A,MADNPYQRGPDPTRASVASENGPFANTSVAVPTGYGFNGGRIYYPTDTSQGTFGAIAISPGYTALFSVELAWMGPWLASHGFVVIGIETNSRNDFDTARGTQLLAALDYLTQQSPVRDRVDASRLAVAGHSMGGGGALSAAMRRSSLKAAVGIAPYSPSSNLATDRVPTMVFSGQADTVVTPSYATGLYNSLPTTTESAYLEVAGADHGFMVGRSNPVLIRTMLPFLKIFIDNDARYSQFLCPLLDSSGVVTYRSTCPLLEHHHHHH,,,,,,,,,,,,,,,,,,,,,,,,,,,,,,,,,,seo_1594.yaml,0.9493736624717712,0.9600846171379089,0.0,0.0,0.0,0.9466959238052368,0.9466959238052368,0.35380324721336365,0.0,0.9600846171379089,0.9600846171379089
seo_1726_rep1.yaml,1,163.91,seo_1726,seo_1726,protein,A,MADNPFQRGPNPTVASVAATRGTFATAQTSVPAGNGFGGGVIYYPTDTSQGTFGGVAIVPGYSALFANEEAWMGPWLASFGFVVIGIETNSRTDSADARGTQLLAALDYLTQRSSVRDRVDPNRLSVVGHSAGGAGVLSALLRRPSLKAGVGLAPGSPVGNYDLYNDRVPTMFISGQRDTTVTQSYLNGLYSTLPATTPSAWVEITGVDHLFATRANTTEMRVLIPWLKIWVDNDTRYTQFLCPLADSSNISMYRNKCPYLEHHHHHH,,,,,,,,,,,,,,,,,,,,,,,,,,,,,,,,,,seo_1726.yaml,0.9422613382339478,0.9563539624214172,0.0,0.0,0.0,0.9387381076812744,0.9387381076812744,0.3479670584201813,0.0,0.9563539624214172,0.9563539624214172
seo_19_rep1.yaml,1,170.92,seo_19,seo_19,protein,A,MANPYERGPNPTDALLEASSGPFSVSEENVSRLSASGFGGGTIYYPRENNTYGAVAISPGYTGTEASIAWLGGRIASHGFVVITIDTITTLDQPDSRAEQLNAALNHMINRASSTVRSRIDSSRLAVMGHSMGGGGTPRLASQRPDLKAAIPLTPWHLNKNRSSVTVPTLIIGADLDTIAPVATHAKPFYNSLPSSISKAYLELDGATHFAPNIPNKIIGKYSVAWLKRFVDNDTRYTQFLCPGPRDGLFGEVEEYCSTCPFLEHHHHHH,,,,,,,,,,,,,,,,,,,,,,,,,,,,,,,,,,seo_19.yaml,0.9480283856391907,0.9578852653503418,0.0,0.0,0.0,0.9455640912055969,0.9455640912055969,0.3508736491203308,0.0,0.9578852653503418,0.9578852653503418
seo_8_rep1.yaml,1,173.68,seo_8,seo_8,protein,A,MANPYERGPNPTDALLEARSGPFSVSEERASRFGADGFGGGTIYYPRENNTYGAVAISPGYTGTQASVAWLGERIASHGFVVITIDTNTTLDQPDSRARQLNAALDYMINDASSAVRSRIDSSRLAVMGHSMGGGGTLRLASQRPDLKAAIPLTPWHLNKNWSSVRVPTLIIGADLDTIAPVLTHARPFYNSLPTSISKAYLELDGATHFAPNIPNKIIGKYSVAWLKRFVDNDTRYTQFLCPGPRDGLFGEVEEYRSTCPFLEHHHHHH,,,,,,,,,,,,,,,,,,,,,,,,,,,,,,,,,,seo_8.yaml,0.9462432861328125,0.9600613117218018,0.0,0.0,0.0,0.9427887797355652,0.9427887797355652,0.34817346930503845,0.0,0.9600613117218018,0.9600613117218018
seo_1678_rep1.yaml,1,224.04,seo_1678,seo_1678,protein,A,MADNPYQRGPNPTRESVAANRGTFATAETSVGGGNGFGGAKIYYPADTSQGKFAALAVVPGYTATWAAEGAWMGHWLASFGFVIIGIDTNSRNDWDTARGDQLLAALDYLTQRSSVRDRVDANRLGVMGHSMGGGGAISAALKRPTLKAAIGNAPFSASQNLTTMRVPIALNAGQRDGTVTPSMVTGYYNQVPATTEKMYLEFSGAGHAFPTSNNSALTRKIIPWMKIFLDQDTRYQQFLCPVMDNTGISASRSSCPLEHHHHHH,,,,,,,,,,,,,,,,,,,,,,,,,,,,,,,,,,seo_1678.yaml,0.943839967250824,0.9560965895652771,0.0,0.0,0.0,0.9407757520675659,0.9407757520675659,0.3562057316303253,0.0,0.9560965895652771,0.9560965895652771
seo_84_rep1.yaml,1,207.96,seo_84,seo_84,protein,A,MSNPYERGPAPTESSVTAVRGYFDTDTDTVSSLVSGFGGGTIYYPTDTSEGTFGGVVIAPGYTASQSSMAWMGHRIASQGFVVFTIDTITRYDQPDSRGRQIEAALDYLVEDSDVADRVDGNRLAVMGHSMGGGGTLAAAENRPELRAAIPLTPWHLQKNWSDVEVPTMIIGAENDTVASVRTHSIPFYESLDEDLERAYLELDGASHFAPNISNTVIAKYSISWLKRFVDEDERYEQFLCPPPDTGLFSDFSDYRDSCPHTTLEHHHHHH,,,,,,,,,,,,,,,,,,,,,,,,,,,,,,,,,,seo_84.yaml,0.947819173336029,0.9578516483306885,0.0,0.0,0.0,0.9453109502792358,0.9453109502792358,0.35223743319511414,0.0,0.9578516483306885,0.9578516483306885
seo_1638_rep1.yaml,1,153.5,seo_1638,seo_1638,protein,A,MTPALADQIGQAPTASNITGDGSFAVTSSAVSGQTGFGGGTVYYPTQTGTYPVVAIMPGFLELWDAIKWMGPRLASWGYVVVGVNPNSVFDLPDSRGSQLLAALNWAVGSAPSAVQSRADGTRRGVVGYSMGGGGTLEALSRDTSGKVLAGVAFSPWDTNQNWSTVRQPEFIVGAQNDTVAPPAQHAIPFYNSLAGPKTYVELAGADHLWPTSDNPTGSRAMVSWLKRWLNSDSRFTPFTCGFTGSAISASMSNACLEHHHHHH,,,,,,,,,,,,,,,,,,,,,,,,,,,,,,,,,,seo_1638.yaml,0.9310993552207947,0.9435646533966064,0.0,0.0,0.0,0.9279830455780029,0.9279830455780029,0.38346564769744873,0.0,0.9435646533966064,0.9435646533966064
seo_486_rep1.yaml,1,215.27,seo_486,seo_486,protein,A,MADNPYERGPAPTVALLEASRGPFATASQTVSSLSVTGFGGGVIYYPTDTSQGTFGAIAISPGFTASWSSIDWLGPRVASHGFVVIGIETNTRLDQPDSRGRQLLAALDYLVERSSVRGRIDGSRLAVAGHSMGGGGSLEAAALRPSLQAAVPLAPWNTDKTWNTLQVPTLIIGGESDTVAPVASHSIPFYTSIPASAEKAYLELNNASHFFPQTVNTPTARQMVAWLKRFVDNDTRYEQFLCPGPSGLAIEEYRNTCPSALEHHHHHH,,,,,,,,,,,,,,,,,,,,,,,,,,,,,,,,,,seo_486.yaml,0.9492090344429016,0.9540054798126221,0.0,0.0,0.0,0.9480099678039551,0.9480099678039551,0.34800684452056885,0.0,0.9540054798126221,0.9540054798126221
seo_1606_rep1.yaml,1,212.11,seo_1606,seo_1606,protein,A,MTSGHPRNPDPTLASISSMTGPEKAHKTRVLPTDVTGFGGGTIFYPTNTQGKTVGAVVLAPGFTGLKDSVGWYGPALASQGFIVLNMDTLDPSDFPNARADQIGAAVDYLKEAPVLKGRLDPSRIAVAGYSMGGGGALKLATTHPELKAVLAFTPYYGNDDLSSTDLPAAGSITTPTLIITGQADDLAVPATFGRSYYDHLPKTTPRQYIELAGATHEAPQHKNVDILSASIAFLKTFVDQDQRYAHFAFPAPQRASLSVSESVRLEHHHHHH,,,,,,,,,,,,,,,,,,,,,,,,,,,,,,,,,,seo_1606.yaml,0.9415354132652283,0.9532432556152344,0.0,0.0,0.0,0.9386083483695984,0.9386083483695984,0.36050984263420105,0.0,0.9532432556152344,0.9532432556152344
seo_1727_rep1.yaml,1,167.76,seo_1727,seo_1727,protein,A,MVAQAQLHGPDPTVQTLEAAKGPYATTSATVGSPSGYGAATVYYPTVRTEGQFGVVVLAPGFLAIQNYYRWLAERVASHGFVVVTVNFNSVFDQPDSRGTQMGKAMQQVVNLSKTMTTPYYGVIDVNRQAMMGHSMGGGGTLAAAKANPALKAAVALAPWHTTKTWSTIQVPTLIISDEKDTIATNTEHSNVFYASFAATLPSAKIELAGADHVCGIQASAETCKTPLAKYSIAWLKRFVDTDTRYTPFVKARAADMSAFETRGQYLEHHHHHH,,,,,,,,,,,,,,,,,,,,,,,,,,,,,,,,,,seo_1727.yaml,0.9451870322227478,0.9526841640472412,0.0,0.0,0.0,0.9433127045631409,0.9433127045631409,0.3771527409553528,0.0,0.9526841640472412,0.9526841640472412
seo_1468_rep1.yaml,1,196.35,seo_1468,seo_1468,protein,A,MADNPYERGPNPTQASIAASRGTFATAEVSVGGGNGFAAAKIYYPTDTSQGTFGAIAIVPGYTATWAAEGAWMGPWLASFGFVVIGIDTLSRNDFDTARGTQLLAALDYLTQRSSVRSRVDASRLAVMGHSMGGGGAISAALRRPSLKAAVGLAPFSPSQGTSGMRVPSMLLAGQRDGTVTPSSVRNLYNAIPATTEKAYLELTGAGHGFPTSANSVMMRKVIPWLKIFVDQDTRYQQFLCPLVDWTGITSYQSSCPLEHHHHHH,,,,,,,,,,,,,,,,,,,,,,,,,,,,,,,,,,seo_1468.yaml,0.9506096243858337,0.9587624073028564,0.0,0.0,0.0,0.9485713243484497,0.9485713243484497,0.34606093168258667,0.0,0.9587624073028564,0.9587624073028564
seo_1408_rep1.yaml,1,212.57,seo_1408,seo_1408,protein,A,MGCGDRDAGDPAPTESSLTAPLGPEKYRTEVVPRAYVEAFGGGTIYYPAGRPPGERLGAVTIVPGSRGYQSGMAWYGPLLASRGFIVFTIDTLHLKDQPAKRSLELEAALTYLATRSAVASHVDAERLAVMGHSLGGGGTLDLAATRPNLKAAIPLMPYDKAKDFSNVRVPTLVVAAQHDKIAPVGKHAEVFYRSIPASQPKAYLEIAGATHSFPKRRDATLAKYVIAWLKRYVDGDKRYDRFLCPGPQNDPHVARYASDCTPRLEHHHHHH,,,,,,,,,,,,,,,,,,,,,,,,,,,,,,,,,,seo_1408.yaml,0.9186214804649353,0.9299489855766296,0.0,0.0,0.0,0.9157895445823669,0.9157895445823669,0.45863449573516846,0.0,0.9299489855766296,0.9299489855766296
seo_1854_rep1.yaml,1,189.04,seo_1854,seo_1854,protein,A,MTTPAPAHAAGTVDEVDVARSDVSGFGGGVVFAPKAPTGTTLGAVVITPGFRDTHADMRWYGAALADAGYVAFTIDTLGTLDRPGQREQETLAAVDYLTGSSAVSGEVDPARVAVLGYSMGGAGVLRAAQARHELKAVVAVEPFDIPASYPSDTTPTLIITGQSDPVAIPFLMGKPMYRSIPAPTPKEYVELRGAGHTAGVRTPNDTIRHATTTFLARYLDGDDSVSICPAPAATGPISASMAYCGLEHHHHHH,,,,,,,,,,,,,,,,,,,,,,,,,,,,,,,,,,seo_1854.yaml,0.9245085120201111,0.9338797330856323,0.0,0.0,0.0,0.9221656322479248,0.9221656322479248,0.5017899870872498,0.0,0.9338797330856323,0.9338797330856323
seo_677_rep1.yaml,1,174.43,seo_677,seo_677,protein,A,MVLGGVGVALPTAQATQDSGAAPAAVQAAENPYERGPDPTERSIEAVRGPYSVSEDRVSSLVSGFGGGTIYYPTTTSDGTFGAVAISPGYTADQSTMAWYGPRLASQGFVVFTIDTNTRFDQPGSRGDQLLAALDYLTQRSSVRGRVDSSRLAVMGHSMGGGGSLEAAKERPSLKAAIPLTPWNLDKTWREITVPTFIVGADGDSIAPVRSHAEPFYESLPSTTNRAYMELNNATHFAPNTSDTEIAKYSISWLKRFVDNDTRYEQFLCPLPRPDFQIEEYRGSCPLRLEHHHHHH,,,,,,,,,,,,,,,,,,,,,,,,,,,,,,,,,,seo_677.yaml,0.9017724990844727,0.8890926241874695,0.0,0.0,0.0,0.904942512512207,0.904942512512207,0.5141308903694153,0.0,0.8890926241874695,0.8890926241874695
seo_1876_rep1.yaml,1,148.3,seo_1876,seo_1876,protein,A,MGTPPGNGIPDPTTASLEATNGPLTTATYTVPSPTGYGSGTVTYPTNSSSYPGVVLMPGYQGTQQNLQWLAPRLASWGFVVINVGTNTLTDDPESRGRQITAAGTQLLALGNAPGNPISGKLNGTLGAVGHSMGGGGVMAALRDDTRFRAGVPTAPYYPNANFSAVTEPTFFLTCQSDPVAHGNSYAVPWYNSMPQAEKLYIEVPGDHLCPMTGSGNKAKQGKWIVSFLSLWLRADTRFSPFLCGPVRDADKSNTSLVTRWMDTCPYLEHHHHHH,,,,,,,,,,,,,,,,,,,,,,,,,,,,,,,,,,seo_1876.yaml,0.9360005259513855,0.9492799043655396,0.0,0.0,0.0,0.9326806664466858,0.9326806664466858,0.40525367856025696,0.0,0.9492799043655396,0.9492799043655396
seo_1419_rep1.yaml,1,162.06,seo_1419,seo_1419,protein,A,MSQNPYERGPAPTLESITAETGPFDIGSVTVPAGSGQGFNSGTVYYPTDTSEGTFGAIAIMPGFLASQSDIAWYGPRLASQGFVVMTLNTNALWDFPTDRSRQQLAALTYLTAQSTVKNRIDPARLAVMGWSMGGGGSLQSAASTPSLKAAIPLAPWDLSNVSSRITVPTMIFGADGDTVASVDDFALPFYNGLANAPDKSLIVLKDTDHFTFAKPNTTIAQYSVSWLKRFVDNDTRYDQFLCPTPNDPHTVVFQITCPLLEHHHHHH,,,,,,,,,,,,,,,,,,,,,,,,,,,,,,,,,,seo_1419.yaml,0.9518938064575195,0.959579348564148,0.0,0.0,0.0,0.9499724507331848,0.9499724507331848,0.3412480056285858,0.0,0.959579348564148,0.959579348564148
seo_1491_rep1.yaml,1,152.34,seo_1491,seo_1491,protein,A,MADNPYQRGPDPTRASVSANRGTFATAQVSVPAGNGFGGGVIYYPTDTSQGRFGAIAVVPGYTATWAAEGAWMGHWLASFGFVVIGIDTNSRNDWDNARGTQLLAALDYLTQRSSVRDRVDASRTSVMGHSMGGGGAANASLQRPTLKTAIGLAPASFSQNLTTTKVPTMLLAGQYDGTVTPSSVLNLYNGIPAGVEKAYLELTGAGHGFPTSNNPTMMRTIIPWFKIFVDSDTRYTQFLCPLADTNGIRTYQSTCPLLEHHHHHH,,,,,,,,,,,,,,,,,,,,,,,,,,,,,,,,,,seo_1491.yaml,0.9428059458732605,0.9586051106452942,0.0,0.0,0.0,0.9388561844825745,0.9388561844825745,0.35822218656539917,0.0,0.9586051106452942,0.9586051106452942
seo_1471_rep1.yaml,1,163.12,seo_1471,seo_1471,protein,A,MRGPNPTQSSIAANRGTFATAETSVGGGNGFGAAKIYYPTDTSKGTFGAIAVVPGYTATWAAEGAWMGHWLASFGFVVIGIDTLSRNDWDVARGTQLLEALDYLTQRSSVRTRVDPNRLAVMGHSMGGGGTISAALRRPTLKAAIGLAPYSPSQTPSAMQVPTMLLAGQNDGTSTPASVLTHYNNIPASTEKAYLELTGAAHSFPTSNNSVMTRKVIPWMKIFIDQDTRYTQFLCPLLDNTGIRTYRSSCPLLEHHHHHH,,,,,,,,,,,,,,,,,,,,,,,,,,,,,,,,,,seo_1471.yaml,0.9476620554924011,0.9550078511238098,0.0,0.0,0.0,0.9458256363868713,0.9458256363868713,0.352974534034729,0.0,0.9550078511238098,0.9550078511238098
seo_1559_rep1.yaml,1,152.49,seo_1559,seo_1559,protein,A,MRGPDPTVSSLEATRGPFSTSSFTVSRPSGYGAGTVYYPTNAGGKVGAIAVVPGYTARQSSINWWGPRLASHGFVVITIDTNSTLDQPSSRSSQQMAALRQVVSLAGTSSSPIYNKVDTARLGVMGWSMGGGGSLISAKNNPSLRAAAPQAPWAQESFSSVTVPTLIVSCENDSIAPNSSHSFPFYNQMTRNKKANLVINGGSHSCANSGNSDAGLIGKYGVAWMKRFMDDDTRYSKFLCGAEHQADLSKRAVEAYKENCPYLEHHHHHH,,,,,,,,,,,,,,,,,,,,,,,,,,,,,,,,,,seo_1559.yaml,0.958246648311615,0.9581409692764282,0.0,0.0,0.0,0.9582729935646057,0.9582729935646057,0.33633947372436523,0.0,0.9581409692764282,0.9581409692764282
seo_1670_rep1.yaml,1,156.6,seo_1670,seo_1670,protein,A,MADNPYQRGPDPTPASVAATRGPFATTQATVPAGNGFNGGFVYYPTDTSLGTWGAVAIVPGYSALFANEEAWMGPWLASFGFVVLGIETNSRTDGADARATQLLAGLDYLTRTSPVRSRVDPNRLSVMGHSAGGAGTLLAALRRPSLRTAVGLAPGTPGNNLNMSTTQVPTLLLSGQNDGTVTPSYVQGIYNTLPAGVEHAWAELAGNDHLSFTRSNPTEMRLLIPWLKIFLDYDTRYTQFLCPLSNSTGVSRYSSTCPLLEHHHHHH,,,,,,,,,,,,,,,,,,,,,,,,,,,,,,,,,,seo_1670.yaml,0.9380142092704773,0.9550599455833435,0.0,0.0,0.0,0.9337527751922607,0.9337527751922607,0.3600730299949646,0.0,0.9550599455833435,0.9550599455833435
seo_1525_rep1.yaml,1,162.06,seo_1525,seo_1525,protein,A,MADNPYQRGPDPTRTSVTAVNGPFANTSVSVPTGYGFNGGRIYYPTDTSQGTFGAIAISPGYTALFSAELAWMGPWLASHGFVVIGIETNSRNDFDTARGTQLLAALDYLTQQSPVRDRVDSSRLAVSGHSMGGGGALSAAMRRASLKAVVGITPYSPSSNLANDRVPTMIISGQADTVVTPSYALGLYNSIPATTESVYLEVAGGDHGFMVGRSNPVLVRTMLPFLKMFIDNDTRYSQFLCPLLDNSGVVTYRSTCPLLEHHHHHH,,,,,,,,,,,,,,,,,,,,,,,,,,,,,,,,,,seo_1525.yaml,0.944652259349823,0.9522296190261841,0.0,0.0,0.0,0.9427579641342163,0.9427579641342163,0.37204819917678833,0.0,0.9522296190261841,0.9522296190261841
seo_1257_rep1.yaml,1,165.11,seo_1257,seo_1257,protein,A,MSGNPYAKGPDPTWDSIEATTGPFEVDDYDISSFAADGFGGADVYYPSDAGSATFGGIAISPGYTASRSTVTWLGPRIASQGFVVIVIDTNSRYDQPASRGDQLLAALDQLVNDSDVSHLVDPNRLAVMGHSMGGGGSLEAADDRPSLRAIVPLQGWNSDKTWSQVQVPALLIGGENDSVAPDSSHSQRFYDSLGGEKVYLQLNNASHFASNSPNTTIASYSIAWLKRWVDEDTRYSQFVCGPDAGQGSAISDYRTTCPVLEHHHHHH,,,,,,,,,,,,,,,,,,,,,,,,,,,,,,,,,,seo_1257.yaml,0.943040668964386,0.950222909450531,0.0,0.0,0.0,0.9412451386451721,0.9412451386451721,0.35695287585258484,0.0,0.950222909450531,0.950222909450531
seo_1424_rep1.yaml,1,140.38,seo_1424,seo_1424,protein,A,MFAGHAKGPAPTEQSVGAQRGPFATGKLVVPAQAGRGFNKGTIYYPDDTSQGTFGAVAVIPGFLEGESAISWLGPTLASHGFVVLTLAPNATTDYPEPRSDQLLAAVDWLANQSPVKDRVDPARLAVAGHSMGGGGTLIAASKNPALKAAVPLAPWNLYSDFSDVTVPTLIVGAGRDFIAPAVMHATPMYNSLKAKQDQGYLKLKNADHFTTNRYDATVTAYTVSWLKRYVDEDTRYSQFLCPVKSGFQLTCPVLEHHHHHH,,,,,,,,,,,,,,,,,,,,,,,,,,,,,,,,,,seo_1424.yaml,0.9351763129234314,0.9469406604766846,0.0,0.0,0.0,0.9322351217269897,0.9322351217269897,0.4157527983188629,0.0,0.9469406604766846,0.9469406604766846
seo_1457_rep1.yaml,1,159.91,seo_1457,seo_1457,protein,A,MADNPYQRGPEPTTSSVAATRGTFATAEVSVSKGNGFGGGKIYYPTDTSKGTFGAIAVVPGYTATWAAEGAWMGPWLASFGFVVIGIDTNSRTDYDTARGTQLLAALDYLTQKSSVRSRVDVKRLSVMGHSMGGGGAMYAALHRPSLWAAVGNAPFSPSQNLKSDRVPTLLLAGQKDTTVTPSSVVGLYNGIPAATEKGYLELTGAAHNFPTRSNSVMMRKVVPWLKIFVDHDTRYGQFLCPSLKDTTGITSYRSTCPLTTAGQLEHHHHHH,,,,,,,,,,,,,,,,,,,,,,,,,,,,,,,,,,seo_1457.yaml,0.9451538920402527,0.9547826051712036,0.0,0.0,0.0,0.9427467584609985,0.9427467584609985,0.3722326159477234,0.0,0.9547826051712036,0.9547826051712036
seo_1799_rep1.yaml,1,153.0,seo_1799,seo_1799,protein,A,MATPVHHPAPARTAAHHHAPFAVRTTVVAKPAVSGFGGGVIYAPQDTGKAVLGSVVITPGFTDTNADEKEMAELVASQGFVAFAIDTLDTGDLPDQRATEMLAAADYLTGKSAVRSEVSADDVALLGYSMGGGGTMQAAQSRPSIKAAIGLMPFDFPPASDPNAQYPSYPAMKTPTLVITGQKDDVADPADFGKPAYDSIPAGTPKQYLELKGLGHAAGEHVPVATIRVAVTAFLERYLEGNSAYAKFICPAPKVGGPISASTSSCGRSLEHHHHHH,,,,,,,,,,,,,,,,,,,,,,,,,,,,,,,,,,seo_1799.yaml,0.8972486853599548,0.9039275646209717,0.0,0.0,0.0,0.8955789804458618,0.8955789804458618,0.5470016598701477,0.0,0.9039275646209717,0.9039275646209717
seo_2033_rep1.yaml,1,148.69,seo_2033,seo_2033,protein,A,MAQDADEPGRYRPQGREIARDISREFDEALYEVRTYVPTVNVDEFAAATIFYPLTLSFAPPSGAVVLVPGYTATQASYDWWGPALASLGVVVMIIDTNDPRDTFQPRKEAHIAAVEFLKTEIGNSASPINGKVDTNKFAIMGHSLGGGAALAAAQELGSEIKAVIPLMPYCCELGQAFDGDYSGLTVPTLIFASSEDTVAPPAGHARALYDSIADSTNKAYVEFAEGTHNLPTNGGTELANQARFTFAWLKLQMDGNAAYAASFSGELSAELDAKLAVLDTNQLEHHHHHH,,,,,,,,,,,,,,,,,,,,,,,,,,,,,,,,,,seo_2033.yaml,0.9090572595596313,0.9350762367248535,0.0,0.0,0.0,0.9025525450706482,0.9025525450706482,0.45145925879478455,0.0,0.9350762367248535,0.9350762367248535
seo_401_rep1.yaml,1,165.72,seo_401,seo_401,protein,A,MAASPYERGPAPTSAILEASRGPFATSSINVSSLSVTGFGGGVIYYPTSTAEGTFGAVAISPGYTASWSSLSWLGPRIASHGFVVIGIETNTRLDQPASRGRQLLAALDYLTERSSVRGRIDSSRLAVAGHSMGGGGSLEAAAARPSLQAAVPLAPWNLDKTWSDVRVPTLIIGGETDSVAPVATHSIPFYNSIPASSEKAYLELDGASHFFPQTTNTPTAKQMVAWLKRFVDDDTRYEQFLCPGPSGSAIQEYRNTCPSALEHHHHHH,,,,,,,,,,,,,,,,,,,,,,,,,,,,,,,,,,seo_401.yaml,0.9419184923171997,0.9524372816085815,0.0,0.0,0.0,0.9392887353897095,0.9392887353897095,0.3704138696193695,0.0,0.9524372816085815,0.9524372816085815
seo_1817_rep1.yaml,1,140.59,seo_1817,seo_1817,protein,A,MGTSPGAGIPDPTTASLEATNGPLATAAYTVPNPSGYGSGTITYPTATGSYPGVVLMPGYQGTQQNLQWLAPRLASWGFVVINVGTNTLTDDPESRGRQISAAGTQLLALGNTTGNPVSGKLNGTLGAAGHSMGGGGVMAALRDDSRFKAGVPTAPFHTSPNFSGVTEPTFFLTCQSDVAAPGNRYALPWYNSMTQAEKLYIEVPGDHLCPMTGSGNKAKQGKWIVSFLSRWLRADTRFSPFLCDAVRDADKNNTSLVTRWMDTCPFLEHHHHHH,,,,,,,,,,,,,,,,,,,,,,,,,,,,,,,,,,seo_1817.yaml,0.9370372891426086,0.9531280994415283,0.0,0.0,0.0,0.9330145716667175,0.9330145716667175,0.396084725856781,0.0,0.9531280994415283,0.9531280994415283
seo_1966_rep1.yaml,1,159.72,seo_1966,seo_1966,protein,A,MVQPAAEHGPAPTKDSVGVDGPYEVASKKLEAAPDADFYGGTVFHPSNGAEGETFGGVVTMPGFTEPGSAMEFVAKRLASHGFVVLMAEAPTVMSQPQARGKAALGAQKALAADADMAPLLDAERTALVGHSMGGGGVLYAAQESEQDAVVPIHPWAQEGFKGVSEPSLTIAGGIDNVAPAGEYAVPIHESIGSETKGLFTDLAGTHWAGLVDNKVIQGRILSFLKVHVDGDKRYEQFVCAPAEQGFVYRSPCLEHHHHHH,,,,,,,,,,,,,,,,,,,,,,,,,,,,,,,,,,seo_1966.yaml,0.9462571144104004,0.9502587914466858,0.0,0.0,0.0,0.9452567100524902,0.9452567100524902,0.36223745346069336,0.0,0.9502587914466858,0.9502587914466858
seo_1654_rep1.yaml,1,169.02,seo_1654,seo_1654,protein,A,MADNPHQRGPNPTQASVAASRGTFATSETSVGGGNGFGGAKIYYPTDTSQGKFAALAVSPGYTATWAAEGAWMGHWLASFGFVIIGIDTISRTDWDVARGDQLLAALDYLTQRSSVRDRVDASRVGVMGHSMGGGGAISAGLKRPSLKVVIGNAPYSASQNLTNMRVPVALLAGQRDTTVTPATTNSYYNQVPATTEKMYLELTNAPHSFPTSNNSVMTRKVIPWMKIFLDQDTRYQQFLCPLLDNTGIRTYRSSCPLLEHHHHHH,,,,,,,,,,,,,,,,,,,,,,,,,,,,,,,,,,seo_1654.yaml,0.9429848790168762,0.9546977877616882,0.0,0.0,0.0,0.9400566220283508,0.9400566220283508,0.36220651865005493,0.0,0.9546977877616882,0.9546977877616882
seo_1545_rep1.yaml,1,161.51,seo_1545,seo_1545,protein,A,MADNPYQRGPDPTRASVAAVNGPFVNTSVSVPTGYGFNGGRIYYPTDTSQGTFGAIAISPGYTALFSAELAWMGPWLASHGFVVIGIETNSRNDFDTARGTQLLAALDYLTQQSPVRDRVDPNRLAVSGHSMGGGGALSAAIRRSSLKAAVGITPYSPSQNLANDRVPTMVISGQADTVVTPSYALGLYNSLPASTESVYLEVAGGDHGFMVGRSNPVLIRTMLPFLKMFVDNDSRYSQFLCPLLDSSGVVTYRSTCPLLEHHHHHH,,,,,,,,,,,,,,,,,,,,,,,,,,,,,,,,,,seo_1545.yaml,0.9515580534934998,0.9621133804321289,0.0,0.0,0.0,0.9489191770553589,0.9489191770553589,0.3425554633140564,0.0,0.9621133804321289,0.9621133804321289
seo_1642_rep1.yaml,1,172.78,seo_1642,seo_1642,protein,A,MADNPYQRGPDPTRTSVTAVNGPFANTSVSVPTGYGFNGGRIYYPTDTSQGTFGAIAISPGYTALFSAELAWMGPWLASHGFVVIGIETNSRNDFDTARGTQLLAALDYLTQQSPVRDRVDPNRLAVAGHSMGGGGALSAAIRRPSLKAVVGIAPYSPSSNLANDRVPTMIFSGQADTVVTPSYATGLYNSLPATTESVYLEVAGADHGFMVGRSNPVMVRTMLPFVKMFIDDDARYSQFLCPLLDNSGVVTYRSTCPLLEHHHHHH,,,,,,,,,,,,,,,,,,,,,,,,,,,,,,,,,,seo_1642.yaml,0.9530941247940063,0.9589830040931702,0.0,0.0,0.0,0.9516218900680542,0.9516218900680542,0.35583963990211487,0.0,0.9589830040931702,0.9589830040931702
seo_1202_rep1.yaml,1,176.58,seo_1202,seo_1202,protein,A,MAGFEKGPDPTTASVTADRGSYDIAQVDVPKGSGTGFADGTIYYPKSTADGTFGAVAVIPGFLEPKSAIDWYGPRLASQGFVVMTLDTTSVFDTPDSRGGQLLAALDYLTSKSTVKDRIDPNRLAVVGHSMGGGGTLSAAANRPNLKAAVALAPWHVSAPLTSVKTPTMIFGSDNDFIAPDGTFAKPFYDGISNAPEKAYVRLKNAGHMAYVFPDKRIAEYTLSWLKRYVDDDTRYTQFLCPGPTNESTIAAYKSTCPMLEHHHHHH,,,,,,,,,,,,,,,,,,,,,,,,,,,,,,,,,,seo_1202.yaml,0.9455448985099792,0.9571186900138855,0.0,0.0,0.0,0.9426515102386475,0.9426515102386475,0.3761551082134247,0.0,0.9571186900138855,0.9571186900138855
seo_1428_rep1.yaml,1,151.44,seo_1428,seo_1428,protein,A,MAPPASATERGLAPTAANITGDGSYGVVSATITGASGFGGGVVYYPNATERFPVVAISPGYTERWSSFAWLGRRLASWGFVVVGIETNSLFDQPNSRGTQLLRALDWASSSAPAAVRDRVDATRQGVSGHSMGGGGTLSAMDQRPSVRAGVPLAPWHTTTSWPRVTNPVMILGGQNDGIAPVSSHAIPMYTGVASGEKAYVELAGAGHNFPNSANPIVSRAAVSWFKRFLDDDTRFAPFACDFGGASISQFRSTCPVLEHHHHHH,,,,,,,,,,,,,,,,,,,,,,,,,,,,,,,,,,seo_1428.yaml,0.9299058318138123,0.9389386773109436,0.0,0.0,0.0,0.927647590637207,0.927647590637207,0.4241493046283722,0.0,0.9389386773109436,0.9389386773109436
seo_1372_rep1.yaml,1,175.93,seo_1372,seo_1372,protein,A,MQSIEAARGPYEIATQSVPPAVNTGFGGGTIYYPATTGAGKFGAVALSPGYMEKEYSFSWLGTRLASQGFVVFIINTQNSEEFPSARTDELLASLNYLTQTSEVRDRVDPNRLAVMGHSMGGGAALEAAEKNQSLRAVISMTPWNIKTTYSDIKTPTLIIGAQYDNIAPVHDHAQPSYASLPNDLAKSYLELRNGNHFSPNMENTAIARSSTVWLKRFVDGDTRYNKFICPGPTVGDEFNIVQSNCPILLEHHHHHH,,,,,,,,,,,,,,,,,,,,,,,,,,,,,,,,,,seo_1372.yaml,0.9307861328125,0.9504067897796631,0.0,0.0,0.0,0.9258809685707092,0.9258809685707092,0.38991209864616394,0.0,0.9504067897796631,0.9504067897796631
seo_547_rep1.yaml,1,164.76,seo_547,seo_547,protein,A,MADNPYERGPAPTESSIEALRGPYAVSETSVSSLAVTGFGGGTIYYPTSTADGTFGAIAISPGFTAYQSSIAWLGPRLASQGFVVFTIDTNTTLDQPDSRGDQLLAALDYLTQRSIVRGRVDSSRLGVMGHSMGGGGSLEAAKDRPSLQAAVPLTPWNLDKSWPEVRTPTLIFGADGDTVAPVSSHAEPLYTGLPSSLDRAYLELNGATHFTPNSSNTTIAKYSISWLKRFIDNDTRYEQFLCPLPRPSLTIEESRGNCPHTSLEHHHHHH,,,,,,,,,,,,,,,,,,,,,,,,,,,,,,,,,,seo_547.yaml,0.948600709438324,0.9572234749794006,0.0,0.0,0.0,0.9464449286460876,0.9464449286460876,0.35251665115356445,0.0,0.9572234749794006,0.9572234749794006
seo_513_rep1.yaml,1,171.98,seo_513,seo_513,protein,A,MAAGPYERGPDPSDALLEASRGPFSTSQRSVSSLVLGFGGGEIYYPDDTSQGTFGAIAISPGYTARWSSLDWLGPRIASHGFVVIGIETNTLYDQPASRGRQLLAALDYLVEDSPSTVRSRIDPSRLAVAGHSMGGGGSLEAADDRSSLRAAVPIAPWNLTKSWSGVRVPTMIIGGESDSIAPVASHSERFYESIPSSSEKAYLELNGASHFFPQVTNTTMAKSMVAWLKRFVDEDTRYEQFLCPPPSGSAIEEYRDTCPSSLEHHHHHH,,,,,,,,,,,,,,,,,,,,,,,,,,,,,,,,,,seo_513.yaml,0.9378307461738586,0.9531078338623047,0.0,0.0,0.0,0.9340115189552307,0.9340115189552307,0.3636506199836731,0.0,0.9531078338623047,0.9531078338623047
seo_1736_rep1.yaml,1,169.51,seo_1736,seo_1736,protein,A,MNPYQRGPDPTLASVAAPYGPFATAQAKVPPGNGFNGGYLYHPADTTLGTWGAVAIVPGYSALFADEEAWMGPRLASFGFVVIGIETNSRTDSADARATQLLAALDYLTQRSPVRTRVDGSRLGVIGHSAGGAGALLAALRRPSLKSVVGLAPGSPVGNLDLAGDRVPTMFIAGQRDPVVTPAYLEKLWVTLPAALKKAYVQIAGADHLFATRPNTVEMRTLVPWLKLALDQDTRYGKFLCPTVADATGISMYRVTCPLLEHHHHHH,,,,,,,,,,,,,,,,,,,,,,,,,,,,,,,,,,seo_1736.yaml,0.9511251449584961,0.960459291934967,0.0,0.0,0.0,0.9487916231155396,0.9487916231155396,0.3268963396549225,0.0,0.960459291934967,0.960459291934967
seo_1624_rep1.yaml,1,185.49,seo_1624,seo_1624,protein,A,MADNPYQRGPDPTLASVAATRGPFATAQATVPAGNGFNGGYVYYPTDTSLGTWGAVAIVPGYSALFADEEAWMGPWLASFGFVVLGIETNSRTDGADARATQLLAALDYLTQSSPVRHRVDANRLGVMGHSAGGAGTLMAALRRPSLKSAVGLAPGAPGNSLNMSTTQVPTMLISGQNDGTVTPSYVQGIYNTLPATVEHAWAELAGNDHLSFTRPNPTEMRILIPWLKIFLDNDTRYTQFLCPLADSTGVSRYSATCPLLEHHHHHH,,,,,,,,,,,,,,,,,,,,,,,,,,,,,,,,,,seo_1624.yaml,0.9476692080497742,0.9599283933639526,0.0,0.0,0.0,0.9446044564247131,0.9446044564247131,0.3349694013595581,0.0,0.9599283933639526,0.9599283933639526
seo_1868_rep1.yaml,1,173.77,seo_1868,seo_1868,protein,A,MADNPYQRGPAPTAASIAADRGPFATAQVTVPRGNGFGGGVIYYPTDTSQGTFGAIAIAPGFGTAWSYYAWQGPRLASFGFVVIGIETNTLNDYADARAAQLLAALDYLVNSSSVRDRVDRNRLAVGGHSMGGGGAILAANQRPSLLTAVGQAPYVPDGSLSGIKSPTIIFAGQVDGTVTPQYAQNAYNTIPGSVERAYVEIANEGHGFPAGGGGGNSGAFARTMMVWLKLFIDRDTRYAPFLCPSLTNANGISKYMASCPLLEHHHHHH,,,,,,,,,,,,,,,,,,,,,,,,,,,,,,,,,,seo_1868.yaml,0.9428045153617859,0.9552847146987915,0.0,0.0,0.0,0.9396844506263733,0.9396844506263733,0.3614337146282196,0.0,0.9552847146987915,0.9552847146987915
seo_1302_rep1.yaml,1,212.87,seo_1302,seo_1302,protein,A,MANPYERGPAPTADSVGGNGPFSVSYSDVSAEDGPGFGGGRIFYPRDTSQGTFGVVAVSPGGGSVQASIGWLARGLATHGFVTIAMSNIANDDNAPERGRQLQAALDHLTRQAPAEVRRRIDTNRLAVAGHSLGGGGALFAARSNPSLKAAFAMAPWSVVSNWSGVGVPTALVGGGKDKTAPVDNFSIPMYEGLPDSTRKAFAELTEADHLTFTRSTPLVSTLAVSWMKRFVDGDTRYTRFLCPGPKGDKVTQYRSNCPFGLEHHHHHH,,,,,,,,,,,,,,,,,,,,,,,,,,,,,,,,,,seo_1302.yaml,0.9441950917243958,0.956230103969574,0.0,0.0,0.0,0.9411863684654236,0.9411863684654236,0.3506716787815094,0.0,0.956230103969574,0.956230103969574
seo_371_rep1.yaml,1,198.75,seo_371,seo_371,protein,A,MADNPYERGPAPTNASIEAVRGPYAVSQATVSSLAVTGFGGGTIYYPTTTSDGTFGAVAISPGYTGTQSSIAWLGPRLASQGFVVFTIDTNTTLDQPDSRGRQLLAALDYLTRVSPLRTRVDSTRLGVMGHSMGGGGSLEAAKSRPSLQAAIPLTPWNLDKTWPEIQTPTLIVGADGDSIAPVSSHAEPFYENLPSSLDRAYLELNGASHFAPNSSNTTIAKYSISWLKRFIDNDTRYEQFLCPLPRPSLTIEEYRGNCPHQSLEHHHHHH,,,,,,,,,,,,,,,,,,,,,,,,,,,,,,,,,,seo_371.yaml,0.9518770575523376,0.9599949717521667,0.0,0.0,0.0,0.9498475790023804,0.9498475790023804,0.3489834666252136,0.0,0.9599949717521667,0.9599949717521667
seo_1994_rep1.yaml,1,171.37,seo_1994,seo_1994,protein,A,MQDNSDGRYRPEGRTFARAAANMFDDRLFEARTYDTGTGVAEFAGATIFYPLTLSFDAPNGGVVMVPGYRGTPAVYDWWGPMLASTGVITMIIETNTPEDSLEARKNALIAGVEFLKGENDNPDSPIRGKLDTSNVGIMGHSLGGGASLRAAEELGSQIKAVIPLTPYCCELGQSFEGDLSGVDVPTLIVTSAEDTIAPPETHGRLLYDALNSSTSRVYLEFADGDHMLPSNSGQDLGTLGTYVYAFLKLHFTDNQKYGELINGDGEEQFSTYETNLEHHHHHH,,,,,,,,,,,,,,,,,,,,,,,,,,,,,,,,,,seo_1994.yaml,0.9196731448173523,0.9463458061218262,0.0,0.0,0.0,0.9130049347877502,0.9130049347877502,0.4120500385761261,0.0,0.9463458061218262,0.9463458061218262
seo_1928_rep1.yaml,1,152.25,seo_1928,seo_1928,protein,A,MGTPPGNTVPDPTAASLEATDGPLPTAAYTVPNPAGYGSGTITYPTSSGSYPGVVLMPGYQGTQQNLQWLAPRLASWGFVVINVGTITLTDDPASRGRQISAAGTQLLALGNATGNPVSGKLNGTLGAVGHSMGGGGVMAALRDDARFKAGVPTAPYYPNADFSGVTDPTFFLTCQSDPVAHGNTYAVPWYNSMAQAEKLYVEVPGDHLCPMTGSGNKAKQGKWIVSFLSLWLRADTRFGPFLCGPARDADKNNTALVTRWMDTCQFLEHHHHHH,,,,,,,,,,,,,,,,,,,,,,,,,,,,,,,,,,seo_1928.yaml,0.9350937008857727,0.949381411075592,0.0,0.0,0.0,0.9315217733383179,0.9315217733383179,0.3993951082229614,0.0,0.949381411075592,0.949381411075592
seo_189_rep1.yaml,1,173.93,seo_189,seo_189,protein,A,MADNPYERGPAPTRQSIEALRGPFATSQTSVSSLGVTGFGGGTIYYPTSTAEGTFGAVAVAPGFTADQTSMAWLGPRLASQGFVIFTIDTLTRLDQPDSRARQLEAALDYLTQRSTVRTRIDTTRLGVMGHSMGGGGTLEAAEDRPQLQAAIPLTPWDLQKNFSDVRVPTMIIGAQADTVAPVASHSQPFYASIPAASEKAYLELAGASHFAPNTSNTTIAKYSISWLKRYIDNDTRYDQFLCPAPSRDLTISEYRDTCPNSLEHHHHHH,,,,,,,,,,,,,,,,,,,,,,,,,,,,,,,,,,seo_189.yaml,0.9373044967651367,0.9509928226470947,0.0,0.0,0.0,0.9338823556900024,0.9338823556900024,0.3746388554573059,0.0,0.9509928226470947,0.9509928226470947
seo_1536_rep1.yaml,1,146.25,seo_1536,seo_1536,protein,A,MADNPYQRGPDPTVASIAATYGPFATAQVNVAPGNGFNGGTIYYPTDTSQGTWGAVAIVPGYTARFADEEAWMGPRLASFGFVVIGVETNSTTDWDTARGTQLLAALDYLTQRSSVRDRVDASRLSVIGHSMGGGGALHAASQRPSLKAAIGLAPFFPSGNLNNVRVPTLIQGGLNDTVVTPSYLDGLYPGLQSGTPGAYVQYSGADHLFWTRANNIELRTLIPWLKIFVDSDTRYSPFLCPGLQDSAQVARYTARCSLEHHHHHH,,,,,,,,,,,,,,,,,,,,,,,,,,,,,,,,,,seo_1536.yaml,0.9434351921081543,0.9548221826553345,0.0,0.0,0.0,0.9405884146690369,0.9405884146690369,0.36891090869903564,0.0,0.9548221826553345,0.9548221826553345
seo_1717_rep1.yaml,1,147.3,seo_1717,seo_1717,protein,A,MAAGPYQRGPDPTLASVAASYGPFATAQAKVPPGNGFNGGYVYYPTDTSLGTWGAVAIVPGYSALFANEEAWMGPRLASFGFVVIGIETNSRTDSADARGTELLAALDYLTQKSPVRTRVDASRLGVIGHSAGGAGALLAALRRPSLKSAVGLAPGSPVGNLDLAGDQVPTMFIAGQRDPVVTPAYLDKLYATMPAALKKAYVQITGVDHLFATRPNTVEMRTLIPWLKLALDKDTRYERFLCPALADVTGISVYRSTCPLLEHHHHHH,,,,,,,,,,,,,,,,,,,,,,,,,,,,,,,,,,seo_1717.yaml,0.9403088688850403,0.9597160220146179,0.0,0.0,0.0,0.9354570508003235,0.9354570508003235,0.334804505109787,0.0,0.9597160220146179,0.9597160220146179
seo_748_rep1.yaml,1,155.8,seo_748,seo_748,protein,A,MADSPYERGPDPTTSSIEASSGPFDVDEDSVSSWYVSGFGGGTIYYPEDDSQTYGGVVIAPGYTESSSAMAWLGEYLASHGFVAFNIDTNSRYDQPDSRGRQIEAALDYLAEDSDVSDLVDPDRLAAMGHSMGGGGTLAAAEDRPELKAAIPLTPWHSDKTWGGVTVPTMIIGAENDTIAPNSSHSIPFYNSLSYSTERAYVELDGEGHLVTSSRNTELASNSVSWLKVFVDEDDRYEQFLCPAPSTGWGSPYSDYRDSCPYILEHHHHHH,,,,,,,,,,,,,,,,,,,,,,,,,,,,,,,,,,seo_748.yaml,0.9397055506706238,0.9559166431427002,0.0,0.0,0.0,0.9356527924537659,0.9356527924537659,0.35975974798202515,0.0,0.9559166431427002,0.9559166431427002
seo_1475_rep1.yaml,1,160.96,seo_1475,seo_1475,protein,A,MADNPYQRGPDPTRESVAASRGTFATAETSVGGGNGFGAAKIYYPTVTSQGTFGAIAVSPGYTATWAAEGAWMGHWLASFGFVVIGIDTINRNDREYARGTQLLAALDYLTQRSSVRTRVDPNRLAVMGHSMGGGGTISAALRRPTLKAAIGLAPYSPSQTTTDMRVPTMLLAGQNDGTSTPASILTHYNNIPASTEKAYLELTGAGHGFPTSNNSVMTRKVIPWMKIFIDQDARYPQFLCPLQDWTGIRTYRNSCPLLQRRHQSDLDQAVTRNRTLEHHHHHH,,,,,,,,,,,,,,,,,,,,,,,,,,,,,,,,,,seo_1475.yaml,0.9163663983345032,0.9086906313896179,0.0,0.0,0.0,0.9182853102684021,0.9182853102684021,0.4698178768157959,0.0,0.9086906313896179,0.9086906313896179
seo_1003_rep1.yaml,1,187.19,seo_1003,seo_1003,protein,A,MDASPYQHGPDPTEDSIEAPRGPFDVDETSVSSLVSGFGGGTIYYPTATDEGTFAAIAISPGYTAGQSSIAWLGPRLASQGFVVFTIDTNSRYDQPGSRADQLNAALDYLVERSDVSDRIDPERLGVAGHSMGGGGSLEAATENSDIDAVVPFTPWHTTKNFSGLSTPTFIIGGESDSVAPVSRHAEPFYESIPDSTDKAYMELGRASHFFPNSPNTTMAKYTLSWFKLFLDEDERYAQFLCPAPDDSAISDYRDTCPYLEHHHHHH,,,,,,,,,,,,,,,,,,,,,,,,,,,,,,,,,,seo_1003.yaml,0.9554857611656189,0.9633358120918274,0.0,0.0,0.0,0.9535231590270996,0.9535231590270996,0.34144777059555054,0.0,0.9633358120918274,0.9633358120918274
seo_1482_rep1.yaml,1,203.76,seo_1482,seo_1482,protein,A,MADNPYQRGPDPTPASVSANRGTFATTQVAVAAGNGFGGGVIYYPTDTSQGQFGAIAVVPGYTATWAAEGAWMGHWLASFGFVVIGIDTNNRNDWDTARGTQLLAALDYLTQRSSVRDRVDATRTAVMGHSMGGGGAASASLQRPSLKASIGLAPASFSQNLTTTRVPTMLLSGQNDTTITPASVVNLYNGIPASVEKAYLELSGAGHGFPTSNNSTMMRNVIPWFKVFVDSDTRYTQFLCPLANWSGIRTYQSTCPLLEHHHHHH,,,,,,,,,,,,,,,,,,,,,,,,,,,,,,,,,,seo_1482.yaml,0.9485430717468262,0.9584617614746094,0.0,0.0,0.0,0.9460633993148804,0.9460633993148804,0.3441067636013031,0.0,0.9584617614746094,0.9584617614746094
seo_1668_rep1.yaml,1,184.59,seo_1668,seo_1668,protein,A,MADNPYQRGPDPTLASVAASRGPFATTQATVPPGNGFNGGYVYYPTDTSLGTWGAVAIVPGYSALFANEEAWMGPWLASFGFVVLGIETNSRTDGADARATQLLAGLDYLTRSSPVRDRVDPNRLSVMGHSAGGAGTLLAALRRPSLKTAVGLAPGAPGNSLNMSTTQVPTMLISGQNDGTVTPSYVQGIYNTLPASVEHAWAELAGNDHLSFTRSNPTEMRILIPWLKIFLDNDTRYTQFLCPLADSTGVSRYNSTCPLLEHHHHHH,,,,,,,,,,,,,,,,,,,,,,,,,,,,,,,,,,seo_1668.yaml,0.9448575973510742,0.9561496376991272,0.0,0.0,0.0,0.9420345425605774,0.9420345425605774,0.34786471724510193,0.0,0.9561496376991272,0.9561496376991272
seo_1169_rep1.yaml,1,177.48,seo_1169,seo_1169,protein,A,MAANPYERGPAPTAATVEAARGTFAVTQAAIARQTNFGGGTIYTPTSDLTFGAVAISPGFTANQSSVAHFGPRLASYGFVVVTINTLSGFDDPDSRGRQLLAALDYAVRTNPRVDASRLAVMGHSMGGGGALRASVSRPALQASIPLAAWHTTKNWSTVGVPTLVLGGQNDPTAPNSQHSTPFYNSITAAPDKAFLELRGGDHSDPRSDNVTVRKFTLSWLKRFVDNDVRYDQFLCPAPAPNTAISAYRDTCPHALEHHHHHH,,,,,,,,,,,,,,,,,,,,,,,,,,,,,,,,,,seo_1169.yaml,0.9479279518127441,0.9538431763648987,0.0,0.0,0.0,0.9464491009712219,0.9464491009712219,0.3669981062412262,0.0,0.9538431763648987,0.9538431763648987
seo_1476_rep1.yaml,1,176.48,seo_1476,seo_1476,protein,A,MADNPYQRGPDPTRDSVAASRGTFATASTTVGSGNGFGAGFIYYPTDTSQGTFGAVAIVPGYTATWAAEGAWMGHWLASFGFVVIGIDTINRNDWDTARGTQLLAALDYLTQRSTVRDRVDASRLAVMGHSMGGGGAMYAALQRPSLKAAVGLAPFSPSQNLNGMRVPTMLLAGQHDTTTTPASITSLYNGIPAATEKAYLELSGAGHGFPTSNNSVMMRKVIPWLKIFVDSDVRYTQFLCPLMDNTGIRSYQSTCPLLEHHHHHH,,,,,,,,,,,,,,,,,,,,,,,,,,,,,,,,,,seo_1476.yaml,0.9457777142524719,0.9584376811981201,0.0,0.0,0.0,0.9426127076148987,0.9426127076148987,0.35074493288993835,0.0,0.9584376811981201,0.9584376811981201
seo_1004_rep1.yaml,1,177.23,seo_1004,seo_1004,protein,A,MADTPYERGPNPSESLIEQRRGNYDIAQRSISRFSSDGFRNGTIYYPTDTSDGKFGVIAISPGYTAGESSIAWLGSRIASFGFVVVTINTTTRYDQPRQRSTQLLAALDHAMNDSVVGPLIDPERQAVMGHSMGGGGALQAAESRPEIDAVVALTPWNLKKNWDGVDAATLIIGAERDTVASVRTHSIPFYESLTQAEQRGYLELRGASHFAPNVSNTTIAKYSIAWMKRYLDNDDRYDQFLNPGPAVGYASGVSDYRLQLEHHHHHH,,,,,,,,,,,,,,,,,,,,,,,,,,,,,,,,,,seo_1004.yaml,0.9387854933738708,0.9562357664108276,0.0,0.0,0.0,0.9344228506088257,0.9344228506088257,0.3577318489551544,0.0,0.9562357664108276,0.9562357664108276
seo_1177_rep1.yaml,1,182.64,seo_1177,seo_1177,protein,A,MATNAYEPGPAPSEESIAADRGSFAVSEAGVPRDAVAGFGGGTVYYPTDTSAGTFGAVAIAPGFTATESSLAWLGPRLASQGFVVFTIDTITTDDQPAERGDELRAALSYLTTSSPVRDRIDPSRLAVMGHSMGGGGALQAAKDDPSIRAVIAMTPYDLDSTWPEVTTPTLIIGAEDDMIAPVHYHAKPFYESLTSAPAREYVELRHQSHFAPNYPDTTIASASIAWLKRYLDGDQRYQRLACPAHAVSWLISDFRSGCLEHHHHHH,,,,,,,,,,,,,,,,,,,,,,,,,,,,,,,,,,seo_1177.yaml,0.9372214674949646,0.9495741128921509,0.0,0.0,0.0,0.9341332316398621,0.9341332316398621,0.401441752910614,0.0,0.9495741128921509,0.9495741128921509
seo_1573_rep1.yaml,1,179.24,seo_1573,seo_1573,protein,A,MADNPYQRGPNPTRESVAASRGTFATAETSVGGGNGFAAAKIYYPTDTGQGKFGAIAVVPGYTATWAAEGAWMGHWLASFGFVVIGIDTLSRNDWDVARGTQLLAALDYLTQRSSVRDRVDATRLAVMGHSMGGGGAISAALRRPSLKTAIGNAPFSASQNLNNMQIPTALLAGQRDGTTTPSSISGYYNQIPAGVEKMYLELTGAGHGFPTSNNSVMTRKVIPWMKIFIDNDTRYHQFLCPLMDNTGISAYRSTCPLLEHHHHHH,,,,,,,,,,,,,,,,,,,,,,,,,,,,,,,,,,seo_1573.yaml,0.9399838447570801,0.9524734616279602,0.0,0.0,0.0,0.9368613958358765,0.9368613958358765,0.36434298753738403,0.0,0.9524734616279602,0.9524734616279602
seo_11_rep1.yaml,1,193.35,seo_11,seo_11,protein,A,MAANPYERGPNPTDALLEARSGPFSVSEENVSRLSASGFGGGTIYYPRENNTYGAVAISPGYTGTEASIAWLGKRIASHGFVVITIDTITTLDQPDSRAEQLNAALNHMINRASSTVRSRIDSSRLAVMGHSMGGGGSLRLASQRPDLKAAIPLTPWHLNKNWSSVRVPTLIIGADLDTIAPVLTHARPFYNSLPTSISKAYLELDGATHFAPNIPNKIIGKYSVAWLKRFVDNDTRYTQFLCPGPRDGLFGEVEEYRSTCPFLEHHHHHH,,,,,,,,,,,,,,,,,,,,,,,,,,,,,,,,,,seo_11.yaml,0.948087215423584,0.957150399684906,0.0,0.0,0.0,0.9458214044570923,0.9458214044570923,0.35004404187202454,0.0,0.957150399684906,0.957150399684906
seo_1534_rep1.yaml,1,215.38,seo_1534,seo_1534,protein,A,MADNPYQRGPDPTQSSVTAVNGPFANTSVSVPTGYGFNGGRIYYPTDTSQGTFGAIAISPGYTALFSAELAWMGPWLASHGFVVIGIETNSRNDFDTARGTQLLAALDYLTQQSPVRDRVDPTRLAVAGHSMGGGGALSAAMRRPSLKAVVGIAPYSPSSNLANDRVPTMILSGQADTVVTPSYATGLYNSLPSTTESVYLEVAGADHGFMVGRPNPVMVRTMLPFVKMFVDNDARYSQFLCPLLDSSGVVTYRSTCPLLEHHHHHH,,,,,,,,,,,,,,,,,,,,,,,,,,,,,,,,,,seo_1534.yaml,0.9495595097541809,0.9629009366035461,0.0,0.0,0.0,0.9462241530418396,0.9462241530418396,0.3435520529747009,0.0,0.9629009366035461,0.9629009366035461
seo_1478_rep1.yaml,1,173.63,seo_1478,seo_1478,protein,A,MADNPYQRGPDPTLAGVAATRGTFATAQMSVPPGNGFNGGMIYYPTDTSLGTWGAVAIVPGYTARFADEEAWMGHWLASFGFVVIGIETNSRTDFDTARGVQLLAGLDYLTQKSPVRNRVDPNRLSVVGHSMGGGGALVAAERRPSLKAAVGLAPFKPSGNLAADRVPTMIMGGTRDTTVTPSYLDGLYATLPAATESAYVQLSGANHLFPTKPNTLETRILIPWLKTFVDNDTRYTQFLCPTLADPTGTSKYRSTCPYAPAGRSVSSPTADLSSLSRLEHHHHHH,,,,,,,,,,,,,,,,,,,,,,,,,,,,,,,,,,seo_1478.yaml,0.9145488739013672,0.9048583507537842,0.0,0.0,0.0,0.9169715642929077,0.9169715642929077,0.4716542661190033,0.0,0.9048583507537842,0.9048583507537842
seo_849_rep1.yaml,1,172.03,seo_849,seo_849,protein,A,MADNPYERGPAPTLAALQASRGPYAVSTTSVSRLSVSGFGGGTIYYPTTTADGTFGAIAISPGFTAYWSSISWLGPRLASHGFVVIGIETLTTLDQPDSRGQQLLAALDYLTRSSSVRSRIDASRLAVSGHSMGGGGSLEAASDRPSLQAAVPLAPWNTDKLWTELRVPTLIVGGQADAIAPVATHSIPFYTTIPSSAEKAYLELAGASHFFPQTVDTPTAVQAVAWLKRFVDNDTRYDQFLCPGPRGLQISEYRNTCPISLEHHHHHH,,,,,,,,,,,,,,,,,,,,,,,,,,,,,,,,,,seo_849.yaml,0.9446927905082703,0.9499850869178772,0.0,0.0,0.0,0.9433697462081909,0.9433697462081909,0.3702477812767029,0.0,0.9499850869178772,0.9499850869178772
seo_917_rep1.yaml,1,205.81,seo_917,seo_917,protein,A,MAVSPYQHGPDPTEDLIEAPRGPYATAQISVSRLSVTGFGGGVIYYPTTTSEGRFGAIAISPGFTATWSSLDWLGPRLASHGFVVFGIETNTLLDQPDSRGAQLLAALDYLTQRSSVRDRVDASRLAVAGHSMGGGGTLEAAKSRPSLKAAIPIAPWNLDKTWPEVRTPTLIIGGQLDTIAPVATHSIPFYLSLSNAPEKGYLELLGASHFFPQTSNTTMAKYMISWMKRFIDDDTRYSQFLCPAPNDFTLSDSRVTCPVLEHHHHHH,,,,,,,,,,,,,,,,,,,,,,,,,,,,,,,,,,seo_917.yaml,0.9495648741722107,0.9575883150100708,0.0,0.0,0.0,0.9475589990615845,0.9475589990615845,0.34535789489746094,0.0,0.9575883150100708,0.9575883150100708
seo_1241_rep1.yaml,1,160.96,seo_1241,seo_1241,protein,A,MQPEPEPPGGCSNCYQRGPDPTERALEADRGPYSVRTINVSSWVSGFGGGTIHYPVGTQGKMGAIAVIPGYVSYENSIEWWGGRLASWGFVVITMDTNSIYDQPDSRARQLSAALDYVIAQSNSGSSAISGMVDSNRLGAIGWSMGGGGTLKLSTDRYLKAAIPQAPWYSGFNDFDEITTPTLIIACELDAVAPVAQHASPFYNDIPRSTDKAFLEIRNGSHFCANSGYPDEDILGKYGVSWMKRFIDDDRRYDQFLCGPNHEAEWNISEYRDTCNYLEHHHHHH,,,,,,,,,,,,,,,,,,,,,,,,,,,,,,,,,,seo_1241.yaml,0.927095353603363,0.9382161498069763,0.0,0.0,0.0,0.9243150949478149,0.9243150949478149,0.4228154718875885,0.0,0.9382161498069763,0.9382161498069763
seo_1899_rep1.yaml,1,181.74,seo_1899,seo_1899,protein,A,MATPDHAATADHASAHHHAAYPVSQQTIPATDGTGFGAATLYAPQGTGRKTLGAIVVAPGLKGDQSDLAWLAQDLAGEGFIVLNMDTLGKYDLPNQRSYEMLAAAKYLATASSVKDQVDPADIGVVGYSLGGGGALQAAVEQHGLKAAVALMPYDFPAGTTDPYKPTESPTYPGITTPTLVITGQADTTAPAASMGKPAYDSIPASTPKQYLELRGADHLAARATTNGTVRDAVTNFLKVYLDGNSAYRKYVCPAPPTSAAISESASSCPRLEHHHHHH,,,,,,,,,,,,,,,,,,,,,,,,,,,,,,,,,,seo_1899.yaml,0.8854452967643738,0.9048441052436829,0.0,0.0,0.0,0.8805955648422241,0.8805955648422241,0.573828399181366,0.0,0.9048441052436829,0.9048441052436829
seo_191_rep1.yaml,1,223.04,seo_191,seo_191,protein,A,MADNPYERGPAPTQASIEAPRGPYAVSQTSVSSLVASGFGGGTIYYPTSTSDGTFGAVVVTPGFTATESSMAWLGPRLASQGFVVFTIDTLTTLDQPDSRGRQMLAALDHLTERSTVRSRVDSTRLGVIGHSMGGGGTLEAAKSRPSLKAAIPLTPWNLDKTWPEVTTPTLVVGADGDTVAPVATHAEPFYSSLPSTTDRAYLELNNATHFAPNISNTTIAKYSVSWLKRFIDDDTRYEQFLCPLPAPDRDIEEYRGKCPLGGLEHHHHHH,,,,,,,,,,,,,,,,,,,,,,,,,,,,,,,,,,seo_191.yaml,0.9519433975219727,0.9570652842521667,0.0,0.0,0.0,0.9506629705429077,0.9506629705429077,0.35096868872642517,0.0,0.9570652842521667,0.9570652842521667
seo_1903_rep1.yaml,1,163.31,seo_1903,seo_1903,protein,A,MGIPGPTTASLEAAAGPLTTATYTVPRPSGYGSGTVTYPTARGSYPGVVLMPGYQGTQENLKWLAPRLASWGFVVINVGTKTLTDDPESRGRQISAAGTQLLALGKAPRNPLSGKLNGTLGAAGHSMGGGGVMAALRDDPRFRAGVPTAPYHPNGNFSSVTEPTFFLTCQSDPVAHGDTFAVPWYTSMSRAEKLYIEVPGDHLCPMTGYGDKAKQGKWIVSFFSLWLRADTRFGPFLCGPARDADKNDTALVTRWMDTCRLEHHHHHH,,,,,,,,,,,,,,,,,,,,,,,,,,,,,,,,,,seo_1903.yaml,0.946452796459198,0.9598411321640015,0.0,0.0,0.0,0.9431057572364807,0.9431057572364807,0.34412071108818054,0.0,0.9598411321640015,0.9598411321640015
seo_1548_rep1.yaml,1,171.72,seo_1548,seo_1548,protein,A,MADNPYERGPDPTRTSVATERGPFANTSVSVPSGHGFNGGRIYYPTDTSQGTFGAIAISPGYTALFSVELAWMGPWLASHGFVVIGIETNSTNDFDTARGTQLLAALDYLTQQSPVRDRIDPSRLAVSGHSMGGGGALSAAMRRSSLKAVVGITPFSPSSNLASNQVPTMVISGQADTVVTPSYALDLYNSLPASTESVYLEVAGGDHGFMVGRSNPVLIRTMLPFLKMFVDNDTRYSQFLCPLMDNSGVVTYRSTCPLLEHHHHHH,,,,,,,,,,,,,,,,,,,,,,,,,,,,,,,,,,seo_1548.yaml,0.9468449950218201,0.9510632753372192,0.0,0.0,0.0,0.9457903504371643,0.9457903504371643,0.37980374693870544,0.0,0.9510632753372192,0.9510632753372192
seo_1414_rep1.yaml,1,148.74,seo_1414,seo_1414,protein,A,MQTNPYQKGPAPTVANLEAARGSFAVSSTSISSLSATGFGGGSLHYPTAAGTYGLIAVAPPYLAQSSSIAWLGPRLASHGFVVVMIDVNSTLDFPESRSRQQLAAIDYAIAQNARRTSPIYGKVDTTRRGVTGHSMGGGASILTARNSPANIKGAFPLTPWSSDKNFSNLQVPTGYLACQDDTVAGNADHSLNFYNRMPASTPKGYYELRGETHFCPQSTTNNPVIGKYLVAWMKRFVDNDTRFSPFLSGALPNADLSSGRFSVLRTSGLLEHHHHHH,,,,,,,,,,,,,,,,,,,,,,,,,,,,,,,,,,seo_1414.yaml,0.9494314193725586,0.957269012928009,0.0,0.0,0.0,0.9474719762802124,0.9474719762802124,0.33199113607406616,0.0,0.957269012928009,0.957269012928009
seo_1511_rep1.yaml,1,160.91,seo_1511,seo_1511,protein,A,MADNPYQRGPDPTTASVAATRGTFATAEQTVGGGNGFAAGKIYYPIDTSQGTFGAIAIVPGYTATWAAEGAWMGPWLASFGFVVIGIDTNSRNDYDTARGTQLLAALDYLTQRSPVSGRVDAKRLSVMGHSMGGGGAVYAAIHRPSLWAAVGLAPFSPSQNLTTDKVPALLLAGQNDGTVSPSSVQSLYNGIPAGVEKGYLELAGAGHGFPTSSNSVMMRRVIPWLKIFVDHDSRYSKFLCPSLADSTGISGYRSTCPLDLEHHHHHH,,,,,,,,,,,,,,,,,,,,,,,,,,,,,,,,,,seo_1511.yaml,0.9454736113548279,0.9591223001480103,0.0,0.0,0.0,0.9420613646507263,0.9420613646507263,0.3626762628555298,0.0,0.9591223001480103,0.9591223001480103
seo_1309_rep1.yaml,1,171.27,seo_1309,seo_1309,protein,A,MDTYQRGPDPTASSVLSHGTFALSTTSVSSAVSGFGGGTIYYPSSTDEGTYGGVVLAPGFTASSWMYDSIARRAASHGFVVFAIDTNSIYDQPGSRGTQILAAVDYLKKGASSAVASRLDESRIAVSGHSMGGGGTLEAAKANSSLKAAVALQPWHTDKTWPEVRVPTMIIGAEDDTIAPVASHSIPFYTSATGAREKAYGEVAGAGHLIANTDDDWQGRLYVTWLKRYVDDDTRYSQFLCPPPSSSSLSDYRHTCPDLEHHHHHH,,,,,,,,,,,,,,,,,,,,,,,,,,,,,,,,,,seo_1309.yaml,0.9438925981521606,0.9576939940452576,0.0,0.0,0.0,0.9404422640800476,0.9404422640800476,0.32755520939826965,0.0,0.9576939940452576,0.9576939940452576
seo_784_rep1.yaml,1,183.98,seo_784,seo_784,protein,A,MADNPYERGPAPTTSSIEATRGPYSVSQTSVSSLAVTGFGGGTIYYPTSTSDGTFGAVAVSPGFTAYESSIAWLGPRLASQGFVVFTIDTLTTVDQPDSRGRQLLAALDYLTERSSVRGRVDASRLGVMGHSMGGGGSLEAAKTRPSLQAAIPLTPWNTDKSWPELTTPTLIFGADGDTIAPVATHAEPFYNGLSSRLDRAYLELNGATHFTPNTSNTTIAKYSISWLKRFIDNDTRYEQFLCPLPQPSLTIEEYRGNCPHTSLEHHHHHH,,,,,,,,,,,,,,,,,,,,,,,,,,,,,,,,,,seo_784.yaml,0.9498792886734009,0.9596942663192749,0.0,0.0,0.0,0.9474255442619324,0.9474255442619324,0.34190091490745544,0.0,0.9596942663192749,0.9596942663192749
seo_385_rep1.yaml,1,176.11,seo_385,seo_385,protein,A,MLNPYQRGPDPTDALLEAPRGPFATASTTVSRLSVSGFGGGVIYYPTDTSQGTFGGIAISPGYTASWSSLDWLGPRIASHGFVVIGIDTLSRYDQPASRGRQLLAALDYLTQRSSVRGRVDASRLAVAGHSMGGGGSLEAADSRPSLQAAVPLAPWHTTKNWSGVRVPTMIIGGESDSVAPVSTHSELFYASIPASSEKAYLELNGASHFFPNTTNTTMAKSMVSWLKRFVDDDVRYDPFLCPGPDGSAVEEYRQTCPLSLEHHHHHH,,,,,,,,,,,,,,,,,,,,,,,,,,,,,,,,,,seo_385.yaml,0.9585012793540955,0.9650143384933472,0.0,0.0,0.0,0.9568729400634766,0.9568729400634766,0.3414860963821411,0.0,0.9650143384933472,0.9650143384933472
seo_1667_rep1.yaml,1,169.27,seo_1667,seo_1667,protein,A,MADSPYQRGPDPTLASVAATRGPFATTQATVPAGNGFNGGFVYYPTDTSLGTWGAVAIVPGYSALFANEEAWMGPWLASFGFVVLGIETNSRTDGADARATQLLAGLDYLTRTSPVRSRVDANRLGVMGHSAGGAGTLLAALRRPSLKTAVGLAPGTPGNNLNMSTTQVPTLLLSGQNDGTVTPSYVQGIYNTLPATVEHAWAELAGNDHLSFTRSNPTEMRLLIPWLKIFLDSDTRYTQFLCPLADSTGVSRYSSTCPLLEHHHHHH,,,,,,,,,,,,,,,,,,,,,,,,,,,,,,,,,,seo_1667.yaml,0.9402719736099243,0.9578471183776855,0.0,0.0,0.0,0.9358782172203064,0.9358782172203064,0.3558277487754822,0.0,0.9578471183776855,0.9578471183776855
seo_1819_rep1.yaml,1,169.43,seo_1819,seo_1819,protein,A,MSTPVHHAAASYTSTAAHHHAPFAVRTTVVPKTAVTTFGGGVIYTPQDTGKPVLGAVVITPGFTDTNANEKEMAELVASQGFVAFAIDTLTTDDLPDLRATQMLAAADYLTGQSAVRSQVSKDDVGLIGYSFGGGGAMQAAQSRPSIKAAIGLMPFDFPPATDPDAMYPAYPHMTTPTLVITGQKDDVADPKDFGKPAYDSIPAGTPKQYLELTGLGHAAGQHVPVATIRTAVTAFLKRYLDGNSAYAKYICPAPKVGGPISASLSSCPKGLEHHHHHH,,,,,,,,,,,,,,,,,,,,,,,,,,,,,,,,,,seo_1819.yaml,0.8952011466026306,0.899901807308197,0.0,0.0,0.0,0.8940259218215942,0.8940259218215942,0.5621050596237183,0.0,0.899901807308197,0.899901807308197
